[2026-09-14T08:51:10.534Z] [PAYTM] INFO [NODE-SDK1.0.0] <MerchantProperties>: initialize called
[2026-09-14T08:51:10.536Z] [PAYTM] INFO [NODE-SDK1.0.0] <MerchantProperties>: Setting Environment for fjuvBp93155030651834
[2026-09-14T09:04:59.049Z] [PAYTM] INFO [NODE-SDK1.0.0] <MerchantProperties>: initialize called
[2026-09-14T09:04:59.051Z] [PAYTM] INFO [NODE-SDK1.0.0] <MerchantProperties>: Setting Environment for STAGE
[2026-09-14T09:05:13.928Z] [PAYTM] INFO [NODE-SDK:1.0.0:988ba510-c07f-4b85-9301-ca5af6c36da2] <Payment>: In createTxnToken PaymentDetail: {"channelId":"WEB","orderId":"PAYTM_3_1789376713927","txnAmount":{"currency":"INR","value":"10.00"},"userInfo":{"custId":"3"},"readTimeout":80000}
[2026-09-14T09:05:13.928Z] [PAYTM] INFO [NODE-SDK:1.0.0:988ba510-c07f-4b85-9301-ca5af6c36da2] <Payment>: validatePaymentDetailsObject for object: {"channelId":"WEB","orderId":"PAYTM_3_1789376713927","txnAmount":{"currency":"INR","value":"10.00"},"userInfo":{"custId":"3"},"readTimeout":80000}
[2026-09-14T09:05:13.928Z] [PAYTM] INFO [NODE-SDK:1.0.0:988ba510-c07f-4b85-9301-ca5af6c36da2] <Payment>:  validatePaymentDetailsObject returns true 
[2026-09-14T09:05:13.928Z] [PAYTM] INFO [NODE-SDK:1.0.0:988ba510-c07f-4b85-9301-ca5af6c36da2] <CommonUtil>: In getSecureRequestHeader
[2026-09-14T09:05:13.929Z] [PAYTM] INFO [NODE-SDK:1.0.0:988ba510-c07f-4b85-9301-ca5af6c36da2] <Payment>: InitiateTransactionRequest object {"head":{"version":"v2","channelId":"WEB","requestTimestamp":"1789376713928","signature":null},"body":{"requestType":"Payment","mid":"fjuvBp93155030651834","orderId":"PAYTM_3_1789376713927","websiteName":"WEBSTAGING","txnAmount":{"currency":"INR","value":"10.00"},"userInfo":{"custId":"3"},"callbackUrl":"https://overlaid-exact-gumball.ngrok-free.dev/api/payments/paytm/callback"}}
[2026-09-14T09:05:13.930Z] [PAYTM] INFO [NODE-SDK:1.0.0:988ba510-c07f-4b85-9301-ca5af6c36da2] <EncDecUtil>: generateSignature() called
[2026-09-14T09:05:13.930Z] [PAYTM] INFO [NODE-SDK:1.0.0:988ba510-c07f-4b85-9301-ca5af6c36da2] <EncDecUtil>: generateRandomString() called
[2026-09-14T09:05:13.931Z] [PAYTM] INFO [NODE-SDK:1.0.0:988ba510-c07f-4b85-9301-ca5af6c36da2] <EncDecUtil>: generateSalt returns: Y66v
[2026-09-14T09:05:13.935Z] [PAYTM] INFO [NODE-SDK:1.0.0:988ba510-c07f-4b85-9301-ca5af6c36da2] <EncDecUtil>: getChecksumFromString returns: HPX5NPZA5Upu8VuGNphRXjyk8KgUkrqOILQLtcGTnCyhs3FgXrLJ821IAXbKVdsK8W01aJk17AOFXftRHpGJN0yvBek4SiLQJo4Tk0Ce3NM=
[2026-09-14T09:05:13.935Z] [PAYTM] INFO [NODE-SDK:1.0.0:988ba510-c07f-4b85-9301-ca5af6c36da2] <Request>: process for request: {"head":{"version":"v2","channelId":"WEB","requestTimestamp":"1789376713928","signature":"HPX5NPZA5Upu8VuGNphRXjyk8KgUkrqOILQLtcGTnCyhs3FgXrLJ821IAXbKVdsK8W01aJk17AOFXftRHpGJN0yvBek4SiLQJo4Tk0Ce3NM="},"body":{"requestType":"Payment","mid":"fjuvBp93155030651834","orderId":"PAYTM_3_1789376713927","websiteName":"WEBSTAGING","txnAmount":{"currency":"INR","value":"10.00"},"userInfo":{"custId":"3"},"callbackUrl":"https://overlaid-exact-gumball.ngrok-free.dev/api/payments/paytm/callback"}}
[2026-09-14T09:05:13.935Z] [PAYTM] INFO [NODE-SDK:1.0.0:988ba510-c07f-4b85-9301-ca5af6c36da2] <Request>: executeCurl called 
[2026-09-14T09:05:13.935Z] [PAYTM] INFO [NODE-SDK:1.0.0:988ba510-c07f-4b85-9301-ca5af6c36da2] <Request>: will make API call to: https://securestage.paytmpayments.com/theia/api/v1/initiateTransaction?mid=fjuvBp93155030651834&orderId=PAYTM_3_1789376713927
[2026-09-14T09:05:14.641Z] [PAYTM] INFO [NODE-SDK:1.0.0:988ba510-c07f-4b85-9301-ca5af6c36da2] <Request>: API response received upon successful execution: {"head":{"responseTimestamp":"1789376714505","version":"v1","signature":"Oce/SLiggfSoggzfMmEfCzsXWjCWFY65sK9Grl3og5HvyIZcwmEOTjaM/YYS1fj64J8IypN+s2rnjbi0Hw/uHK6FW3M1Qa5x1jjkbU6EX80="},"body":{"resultInfo":{"resultStatus":"S","resultCode":"0000","resultMsg":"Success"},"txnToken":"87172f99fe7f4f0eada30395de0b38621789376714194","isPromoCodeValid":false,"authenticated":false}}
[2026-09-14T09:05:14.642Z] [PAYTM] INFO [NODE-SDK:1.0.0:988ba510-c07f-4b85-9301-ca5af6c36da2] <Request>: Raw Response: {"head":{"responseTimestamp":"1789376714505","version":"v1","signature":"Oce/SLiggfSoggzfMmEfCzsXWjCWFY65sK9Grl3og5HvyIZcwmEOTjaM/YYS1fj64J8IypN+s2rnjbi0Hw/uHK6FW3M1Qa5x1jjkbU6EX80="},"body":{"resultInfo":{"resultStatus":"S","resultCode":"0000","resultMsg":"Success"},"txnToken":"87172f99fe7f4f0eada30395de0b38621789376714194","isPromoCodeValid":false,"authenticated":false}}
[2026-09-14T09:05:14.642Z] [PAYTM] INFO [NODE-SDK:1.0.0:988ba510-c07f-4b85-9301-ca5af6c36da2] <Request>: Response Data Object: {"head":{"signature":"Oce/SLiggfSoggzfMmEfCzsXWjCWFY65sK9Grl3og5HvyIZcwmEOTjaM/YYS1fj64J8IypN+s2rnjbi0Hw/uHK6FW3M1Qa5x1jjkbU6EX80=","responseTimestamp":"1789376714505","version":"v1"},"body":{"txnToken":"87172f99fe7f4f0eada30395de0b38621789376714194","isPromoCodeValid":false,"resultInfo":{"resultStatus":"S","resultMsg":"Success","resultCode":"0000"},"extraParamsMap":{}}}
[2026-09-14T09:05:14.642Z] [PAYTM] INFO [NODE-SDK:1.0.0:988ba510-c07f-4b85-9301-ca5af6c36da2] <Request>: validating signature 
[2026-09-14T09:05:14.642Z] [PAYTM] INFO [NODE-SDK:1.0.0:988ba510-c07f-4b85-9301-ca5af6c36da2] <EncDecUtil>: verifyChecksumByString called()
[2026-09-14T09:05:14.642Z] [PAYTM] INFO [NODE-SDK:1.0.0:988ba510-c07f-4b85-9301-ca5af6c36da2] <EncDecUtil>: verifyChecksumByString returns: true
[2026-09-14T09:05:14.642Z] [PAYTM] INFO [NODE-SDK:1.0.0:988ba510-c07f-4b85-9301-ca5af6c36da2] <Request>: signature validation passed 
[2026-09-14T09:05:14.642Z] [PAYTM] INFO [NODE-SDK:1.0.0:988ba510-c07f-4b85-9301-ca5af6c36da2] <Request>: Execution completed with raw json response: {"head":{"responseTimestamp":"1789376714505","version":"v1","signature":"Oce/SLiggfSoggzfMmEfCzsXWjCWFY65sK9Grl3og5HvyIZcwmEOTjaM/YYS1fj64J8IypN+s2rnjbi0Hw/uHK6FW3M1Qa5x1jjkbU6EX80="},"body":{"resultInfo":{"resultStatus":"S","resultCode":"0000","resultMsg":"Success"},"txnToken":"87172f99fe7f4f0eada30395de0b38621789376714194","isPromoCodeValid":false,"authenticated":false}}
[2026-09-14T09:06:15.874Z] [PAYTM] INFO [NODE-SDK1.0.0] <MerchantProperties>: initialize called
[2026-09-14T09:06:15.876Z] [PAYTM] INFO [NODE-SDK1.0.0] <MerchantProperties>: Setting Environment for STAGE
[2026-09-14T09:06:32.127Z] [PAYTM] INFO [NODE-SDK:1.0.0:39920f19-9f2e-4933-9268-baaee5faf625] <Payment>: In createTxnToken PaymentDetail: {"channelId":"WEB","orderId":"PAYTM_3_1789376792126","txnAmount":{"currency":"INR","value":"100.00"},"userInfo":{"custId":"3"},"readTimeout":80000}
[2026-09-14T09:06:32.128Z] [PAYTM] INFO [NODE-SDK:1.0.0:39920f19-9f2e-4933-9268-baaee5faf625] <Payment>: validatePaymentDetailsObject for object: {"channelId":"WEB","orderId":"PAYTM_3_1789376792126","txnAmount":{"currency":"INR","value":"100.00"},"userInfo":{"custId":"3"},"readTimeout":80000}
[2026-09-14T09:06:32.128Z] [PAYTM] INFO [NODE-SDK:1.0.0:39920f19-9f2e-4933-9268-baaee5faf625] <Payment>:  validatePaymentDetailsObject returns true 
[2026-09-14T09:06:32.128Z] [PAYTM] INFO [NODE-SDK:1.0.0:39920f19-9f2e-4933-9268-baaee5faf625] <CommonUtil>: In getSecureRequestHeader
[2026-09-14T09:06:32.130Z] [PAYTM] INFO [NODE-SDK:1.0.0:39920f19-9f2e-4933-9268-baaee5faf625] <Payment>: InitiateTransactionRequest object {"head":{"version":"v2","channelId":"WEB","requestTimestamp":"1789376792129","signature":null},"body":{"requestType":"Payment","mid":"fjuvBp93155030651834","orderId":"PAYTM_3_1789376792126","websiteName":"WEBSTAGING","txnAmount":{"currency":"INR","value":"100.00"},"userInfo":{"custId":"3"},"callbackUrl":"https://overlaid-exact-gumball.ngrok-free.dev/api/payments/paytm/callback"}}
[2026-09-14T09:06:32.130Z] [PAYTM] INFO [NODE-SDK:1.0.0:39920f19-9f2e-4933-9268-baaee5faf625] <EncDecUtil>: generateSignature() called
[2026-09-14T09:06:32.130Z] [PAYTM] INFO [NODE-SDK:1.0.0:39920f19-9f2e-4933-9268-baaee5faf625] <EncDecUtil>: generateRandomString() called
[2026-09-14T09:06:32.131Z] [PAYTM] INFO [NODE-SDK:1.0.0:39920f19-9f2e-4933-9268-baaee5faf625] <EncDecUtil>: generateSalt returns: ha81
[2026-09-14T09:06:32.132Z] [PAYTM] INFO [NODE-SDK:1.0.0:39920f19-9f2e-4933-9268-baaee5faf625] <EncDecUtil>: getChecksumFromString returns: 4oitrAL/6oYRZZM2jgaaFlZGsvL17ttkxHlH0pLqQTViA9x9SL5AE0brOi4BxezHxzQ6Jc/SxJ1BFzyIuhhZ92CGExvbK5cRhXSH/L1+uwA=
[2026-09-14T09:06:32.133Z] [PAYTM] INFO [NODE-SDK:1.0.0:39920f19-9f2e-4933-9268-baaee5faf625] <Request>: process for request: {"head":{"version":"v2","channelId":"WEB","requestTimestamp":"1789376792129","signature":"4oitrAL/6oYRZZM2jgaaFlZGsvL17ttkxHlH0pLqQTViA9x9SL5AE0brOi4BxezHxzQ6Jc/SxJ1BFzyIuhhZ92CGExvbK5cRhXSH/L1+uwA="},"body":{"requestType":"Payment","mid":"fjuvBp93155030651834","orderId":"PAYTM_3_1789376792126","websiteName":"WEBSTAGING","txnAmount":{"currency":"INR","value":"100.00"},"userInfo":{"custId":"3"},"callbackUrl":"https://overlaid-exact-gumball.ngrok-free.dev/api/payments/paytm/callback"}}
[2026-09-14T09:06:32.133Z] [PAYTM] INFO [NODE-SDK:1.0.0:39920f19-9f2e-4933-9268-baaee5faf625] <Request>: executeCurl called 
[2026-09-14T09:06:32.133Z] [PAYTM] INFO [NODE-SDK:1.0.0:39920f19-9f2e-4933-9268-baaee5faf625] <Request>: will make API call to: https://securestage.paytmpayments.com/theia/api/v1/initiateTransaction?mid=fjuvBp93155030651834&orderId=PAYTM_3_1789376792126
[2026-09-14T09:06:32.468Z] [PAYTM] INFO [NODE-SDK:1.0.0:39920f19-9f2e-4933-9268-baaee5faf625] <Request>: API response received upon successful execution: {"head":{"responseTimestamp":"1789376792353","version":"v1","signature":"arZ/GVblmkzy7Ef+FqqMOKw8KZ73EggGcjUYf+hU7Ci5VCDdCcvVoe4t4LUEbcVlFDlkm6JTnlFwPg4P6oD+Wf22kJEDLx09yA3C0Y9AqFo="},"body":{"resultInfo":{"resultStatus":"S","resultCode":"0000","resultMsg":"Success"},"txnToken":"12ff360bda8f40ed97714470bd2009461789376792213","isPromoCodeValid":false,"authenticated":false}}
[2026-09-14T09:06:32.469Z] [PAYTM] INFO [NODE-SDK:1.0.0:39920f19-9f2e-4933-9268-baaee5faf625] <Request>: Raw Response: {"head":{"responseTimestamp":"1789376792353","version":"v1","signature":"arZ/GVblmkzy7Ef+FqqMOKw8KZ73EggGcjUYf+hU7Ci5VCDdCcvVoe4t4LUEbcVlFDlkm6JTnlFwPg4P6oD+Wf22kJEDLx09yA3C0Y9AqFo="},"body":{"resultInfo":{"resultStatus":"S","resultCode":"0000","resultMsg":"Success"},"txnToken":"12ff360bda8f40ed97714470bd2009461789376792213","isPromoCodeValid":false,"authenticated":false}}
[2026-09-14T09:06:32.471Z] [PAYTM] INFO [NODE-SDK:1.0.0:39920f19-9f2e-4933-9268-baaee5faf625] <Request>: Response Data Object: {"head":{"signature":"arZ/GVblmkzy7Ef+FqqMOKw8KZ73EggGcjUYf+hU7Ci5VCDdCcvVoe4t4LUEbcVlFDlkm6JTnlFwPg4P6oD+Wf22kJEDLx09yA3C0Y9AqFo=","responseTimestamp":"1789376792353","version":"v1"},"body":{"txnToken":"12ff360bda8f40ed97714470bd2009461789376792213","isPromoCodeValid":false,"resultInfo":{"resultStatus":"S","resultMsg":"Success","resultCode":"0000"},"extraParamsMap":{}}}
[2026-09-14T09:06:32.471Z] [PAYTM] INFO [NODE-SDK:1.0.0:39920f19-9f2e-4933-9268-baaee5faf625] <Request>: validating signature 
[2026-09-14T09:06:32.471Z] [PAYTM] INFO [NODE-SDK:1.0.0:39920f19-9f2e-4933-9268-baaee5faf625] <EncDecUtil>: verifyChecksumByString called()
[2026-09-14T09:06:32.472Z] [PAYTM] INFO [NODE-SDK:1.0.0:39920f19-9f2e-4933-9268-baaee5faf625] <EncDecUtil>: verifyChecksumByString returns: true
[2026-09-14T09:06:32.472Z] [PAYTM] INFO [NODE-SDK:1.0.0:39920f19-9f2e-4933-9268-baaee5faf625] <Request>: signature validation passed 
[2026-09-14T09:06:32.472Z] [PAYTM] INFO [NODE-SDK:1.0.0:39920f19-9f2e-4933-9268-baaee5faf625] <Request>: Execution completed with raw json response: {"head":{"responseTimestamp":"1789376792353","version":"v1","signature":"arZ/GVblmkzy7Ef+FqqMOKw8KZ73EggGcjUYf+hU7Ci5VCDdCcvVoe4t4LUEbcVlFDlkm6JTnlFwPg4P6oD+Wf22kJEDLx09yA3C0Y9AqFo="},"body":{"resultInfo":{"resultStatus":"S","resultCode":"0000","resultMsg":"Success"},"txnToken":"12ff360bda8f40ed97714470bd2009461789376792213","isPromoCodeValid":false,"authenticated":false}}
[2026-09-14T09:13:21.038Z] [PAYTM] INFO [NODE-SDK1.0.0] <MerchantProperties>: initialize called
[2026-09-14T09:13:21.039Z] [PAYTM] INFO [NODE-SDK1.0.0] <MerchantProperties>: Setting Environment for STAGE
[2026-09-14T09:13:29.468Z] [PAYTM] INFO [NODE-SDK:1.0.0:4bd9d86b-2dd5-47fa-94cb-248b2b165e88] <Payment>: In createTxnToken PaymentDetail: {"channelId":"WEB","orderId":"PAYTM_3_1789377209468","txnAmount":{"currency":"INR","value":"250.00"},"userInfo":{"custId":"3"},"readTimeout":80000}
[2026-09-14T09:13:29.468Z] [PAYTM] INFO [NODE-SDK:1.0.0:4bd9d86b-2dd5-47fa-94cb-248b2b165e88] <Payment>: validatePaymentDetailsObject for object: {"channelId":"WEB","orderId":"PAYTM_3_1789377209468","txnAmount":{"currency":"INR","value":"250.00"},"userInfo":{"custId":"3"},"readTimeout":80000}
[2026-09-14T09:13:29.469Z] [PAYTM] INFO [NODE-SDK:1.0.0:4bd9d86b-2dd5-47fa-94cb-248b2b165e88] <Payment>:  validatePaymentDetailsObject returns true 
[2026-09-14T09:13:29.469Z] [PAYTM] INFO [NODE-SDK:1.0.0:4bd9d86b-2dd5-47fa-94cb-248b2b165e88] <CommonUtil>: In getSecureRequestHeader
[2026-09-14T09:13:29.469Z] [PAYTM] INFO [NODE-SDK:1.0.0:4bd9d86b-2dd5-47fa-94cb-248b2b165e88] <Payment>: InitiateTransactionRequest object {"head":{"version":"v2","channelId":"WEB","requestTimestamp":"1789377209469","signature":null},"body":{"requestType":"Payment","mid":"fjuvBp93155030651834","orderId":"PAYTM_3_1789377209468","websiteName":"WEBSTAGING","txnAmount":{"currency":"INR","value":"250.00"},"userInfo":{"custId":"3"},"callbackUrl":"https://overlaid-exact-gumball.ngrok-free.dev/api/payments/paytm/callback"}}
[2026-09-14T09:13:29.469Z] [PAYTM] INFO [NODE-SDK:1.0.0:4bd9d86b-2dd5-47fa-94cb-248b2b165e88] <EncDecUtil>: generateSignature() called
[2026-09-14T09:13:29.469Z] [PAYTM] INFO [NODE-SDK:1.0.0:4bd9d86b-2dd5-47fa-94cb-248b2b165e88] <EncDecUtil>: generateRandomString() called
[2026-09-14T09:13:29.470Z] [PAYTM] INFO [NODE-SDK:1.0.0:4bd9d86b-2dd5-47fa-94cb-248b2b165e88] <EncDecUtil>: generateSalt returns: MWOO
[2026-09-14T09:13:29.470Z] [PAYTM] INFO [NODE-SDK:1.0.0:4bd9d86b-2dd5-47fa-94cb-248b2b165e88] <EncDecUtil>: getChecksumFromString returns: YpgwByin6l7qUAZPOrCYaTW7M9/KONEybTOgAqGt59nlIbxQdIC5oBSIXMF8S7s55XqIAa0Nzh/B25CbyG5VaI437AMByz2mi5QVEVe//Mk=
[2026-09-14T09:13:29.471Z] [PAYTM] INFO [NODE-SDK:1.0.0:4bd9d86b-2dd5-47fa-94cb-248b2b165e88] <Request>: process for request: {"head":{"version":"v2","channelId":"WEB","requestTimestamp":"1789377209469","signature":"YpgwByin6l7qUAZPOrCYaTW7M9/KONEybTOgAqGt59nlIbxQdIC5oBSIXMF8S7s55XqIAa0Nzh/B25CbyG5VaI437AMByz2mi5QVEVe//Mk="},"body":{"requestType":"Payment","mid":"fjuvBp93155030651834","orderId":"PAYTM_3_1789377209468","websiteName":"WEBSTAGING","txnAmount":{"currency":"INR","value":"250.00"},"userInfo":{"custId":"3"},"callbackUrl":"https://overlaid-exact-gumball.ngrok-free.dev/api/payments/paytm/callback"}}
[2026-09-14T09:13:29.471Z] [PAYTM] INFO [NODE-SDK:1.0.0:4bd9d86b-2dd5-47fa-94cb-248b2b165e88] <Request>: executeCurl called 
[2026-09-14T09:13:29.471Z] [PAYTM] INFO [NODE-SDK:1.0.0:4bd9d86b-2dd5-47fa-94cb-248b2b165e88] <Request>: will make API call to: https://securestage.paytmpayments.com/theia/api/v1/initiateTransaction?mid=fjuvBp93155030651834&orderId=PAYTM_3_1789377209468
[2026-09-14T09:13:29.906Z] [PAYTM] INFO [NODE-SDK:1.0.0:4bd9d86b-2dd5-47fa-94cb-248b2b165e88] <Request>: API response received upon successful execution: {"head":{"responseTimestamp":"1789377209790","version":"v1","signature":"UyXjIGgkfPrbxMun96JKXul8x85jr/XWPDbL22opLN62YvF7ojU1yoQaroUAqKlWwIyzLdYJVr1xJWjxs/sXjk4KUkp/ZWRdZCA2Kx73/0Y="},"body":{"resultInfo":{"resultStatus":"S","resultCode":"0000","resultMsg":"Success"},"txnToken":"12396ca972cf47d6b37cc2feece08d261789377209552","isPromoCodeValid":false,"authenticated":false}}
[2026-09-14T09:13:29.907Z] [PAYTM] INFO [NODE-SDK:1.0.0:4bd9d86b-2dd5-47fa-94cb-248b2b165e88] <Request>: Raw Response: {"head":{"responseTimestamp":"1789377209790","version":"v1","signature":"UyXjIGgkfPrbxMun96JKXul8x85jr/XWPDbL22opLN62YvF7ojU1yoQaroUAqKlWwIyzLdYJVr1xJWjxs/sXjk4KUkp/ZWRdZCA2Kx73/0Y="},"body":{"resultInfo":{"resultStatus":"S","resultCode":"0000","resultMsg":"Success"},"txnToken":"12396ca972cf47d6b37cc2feece08d261789377209552","isPromoCodeValid":false,"authenticated":false}}
[2026-09-14T09:13:29.907Z] [PAYTM] INFO [NODE-SDK:1.0.0:4bd9d86b-2dd5-47fa-94cb-248b2b165e88] <Request>: Response Data Object: {"head":{"signature":"UyXjIGgkfPrbxMun96JKXul8x85jr/XWPDbL22opLN62YvF7ojU1yoQaroUAqKlWwIyzLdYJVr1xJWjxs/sXjk4KUkp/ZWRdZCA2Kx73/0Y=","responseTimestamp":"1789377209790","version":"v1"},"body":{"txnToken":"12396ca972cf47d6b37cc2feece08d261789377209552","isPromoCodeValid":false,"resultInfo":{"resultStatus":"S","resultMsg":"Success","resultCode":"0000"},"extraParamsMap":{}}}
[2026-09-14T09:13:29.907Z] [PAYTM] INFO [NODE-SDK:1.0.0:4bd9d86b-2dd5-47fa-94cb-248b2b165e88] <Request>: validating signature 
[2026-09-14T09:13:29.908Z] [PAYTM] INFO [NODE-SDK:1.0.0:4bd9d86b-2dd5-47fa-94cb-248b2b165e88] <EncDecUtil>: verifyChecksumByString called()
[2026-09-14T09:13:29.908Z] [PAYTM] INFO [NODE-SDK:1.0.0:4bd9d86b-2dd5-47fa-94cb-248b2b165e88] <EncDecUtil>: verifyChecksumByString returns: true
[2026-09-14T09:13:29.908Z] [PAYTM] INFO [NODE-SDK:1.0.0:4bd9d86b-2dd5-47fa-94cb-248b2b165e88] <Request>: signature validation passed 
[2026-09-14T09:13:29.908Z] [PAYTM] INFO [NODE-SDK:1.0.0:4bd9d86b-2dd5-47fa-94cb-248b2b165e88] <Request>: Execution completed with raw json response: {"head":{"responseTimestamp":"1789377209790","version":"v1","signature":"UyXjIGgkfPrbxMun96JKXul8x85jr/XWPDbL22opLN62YvF7ojU1yoQaroUAqKlWwIyzLdYJVr1xJWjxs/sXjk4KUkp/ZWRdZCA2Kx73/0Y="},"body":{"resultInfo":{"resultStatus":"S","resultCode":"0000","resultMsg":"Success"},"txnToken":"12396ca972cf47d6b37cc2feece08d261789377209552","isPromoCodeValid":false,"authenticated":false}}
[2026-09-14T09:17:06.540Z] [PAYTM] INFO [NODE-SDK:1.0.0:cb30838a-179d-4904-988f-35a9a3379cf1] <Payment>: In createTxnToken PaymentDetail: {"channelId":"WEB","orderId":"PAYTM_3_1789377426539","txnAmount":{"currency":"INR","value":"100.00"},"userInfo":{"custId":"3"},"readTimeout":80000}
[2026-09-14T09:17:06.540Z] [PAYTM] INFO [NODE-SDK:1.0.0:cb30838a-179d-4904-988f-35a9a3379cf1] <Payment>: validatePaymentDetailsObject for object: {"channelId":"WEB","orderId":"PAYTM_3_1789377426539","txnAmount":{"currency":"INR","value":"100.00"},"userInfo":{"custId":"3"},"readTimeout":80000}
[2026-09-14T09:17:06.540Z] [PAYTM] INFO [NODE-SDK:1.0.0:cb30838a-179d-4904-988f-35a9a3379cf1] <Payment>:  validatePaymentDetailsObject returns true 
[2026-09-14T09:17:06.540Z] [PAYTM] INFO [NODE-SDK:1.0.0:cb30838a-179d-4904-988f-35a9a3379cf1] <CommonUtil>: In getSecureRequestHeader
[2026-09-14T09:17:06.541Z] [PAYTM] INFO [NODE-SDK:1.0.0:cb30838a-179d-4904-988f-35a9a3379cf1] <Payment>: InitiateTransactionRequest object {"head":{"version":"v2","channelId":"WEB","requestTimestamp":"1789377426541","signature":null},"body":{"requestType":"Payment","mid":"fjuvBp93155030651834","orderId":"PAYTM_3_1789377426539","websiteName":"WEBSTAGING","txnAmount":{"currency":"INR","value":"100.00"},"userInfo":{"custId":"3"},"callbackUrl":"https://overlaid-exact-gumball.ngrok-free.dev/api/payments/paytm/callback"}}
[2026-09-14T09:17:06.541Z] [PAYTM] INFO [NODE-SDK:1.0.0:cb30838a-179d-4904-988f-35a9a3379cf1] <EncDecUtil>: generateSignature() called
[2026-09-14T09:17:06.541Z] [PAYTM] INFO [NODE-SDK:1.0.0:cb30838a-179d-4904-988f-35a9a3379cf1] <EncDecUtil>: generateRandomString() called
[2026-09-14T09:17:06.541Z] [PAYTM] INFO [NODE-SDK:1.0.0:cb30838a-179d-4904-988f-35a9a3379cf1] <EncDecUtil>: generateSalt returns: ZYQx
[2026-09-14T09:17:06.542Z] [PAYTM] INFO [NODE-SDK:1.0.0:cb30838a-179d-4904-988f-35a9a3379cf1] <EncDecUtil>: getChecksumFromString returns: 0lR0Bjx2AVflmyXwukkS9FUQ07FyqbfQLBcpPTvZqu9JrkzKZimS7MFXZQ9cj9nadBzEb/U/fCemEnBHWPaFjaVyGB17m0DnlMI7dG27w8s=
[2026-09-14T09:17:06.542Z] [PAYTM] INFO [NODE-SDK:1.0.0:cb30838a-179d-4904-988f-35a9a3379cf1] <Request>: process for request: {"head":{"version":"v2","channelId":"WEB","requestTimestamp":"1789377426541","signature":"0lR0Bjx2AVflmyXwukkS9FUQ07FyqbfQLBcpPTvZqu9JrkzKZimS7MFXZQ9cj9nadBzEb/U/fCemEnBHWPaFjaVyGB17m0DnlMI7dG27w8s="},"body":{"requestType":"Payment","mid":"fjuvBp93155030651834","orderId":"PAYTM_3_1789377426539","websiteName":"WEBSTAGING","txnAmount":{"currency":"INR","value":"100.00"},"userInfo":{"custId":"3"},"callbackUrl":"https://overlaid-exact-gumball.ngrok-free.dev/api/payments/paytm/callback"}}
[2026-09-14T09:17:06.542Z] [PAYTM] INFO [NODE-SDK:1.0.0:cb30838a-179d-4904-988f-35a9a3379cf1] <Request>: executeCurl called 
[2026-09-14T09:17:06.542Z] [PAYTM] INFO [NODE-SDK:1.0.0:cb30838a-179d-4904-988f-35a9a3379cf1] <Request>: will make API call to: https://securestage.paytmpayments.com/theia/api/v1/initiateTransaction?mid=fjuvBp93155030651834&orderId=PAYTM_3_1789377426539
[2026-09-14T09:17:06.851Z] [PAYTM] INFO [NODE-SDK:1.0.0:cb30838a-179d-4904-988f-35a9a3379cf1] <Request>: API response received upon successful execution: {"head":{"responseTimestamp":"1789377426735","version":"v1","signature":"lrF90z2wTnRaVEvuIHe4yeXAY5P/+MTOgFF+CtZaBWZxVwRRcis1ForgaWayu32ORrdrZB5DAKJ2Yw68fOXrnj0PemhE22iu1xQfiRnzvG8="},"body":{"resultInfo":{"resultStatus":"S","resultCode":"0000","resultMsg":"Success"},"txnToken":"2c567c345ad141dfb743d0ff58b44ab21789377426596","isPromoCodeValid":false,"authenticated":false}}
[2026-09-14T09:17:06.852Z] [PAYTM] INFO [NODE-SDK:1.0.0:cb30838a-179d-4904-988f-35a9a3379cf1] <Request>: Raw Response: {"head":{"responseTimestamp":"1789377426735","version":"v1","signature":"lrF90z2wTnRaVEvuIHe4yeXAY5P/+MTOgFF+CtZaBWZxVwRRcis1ForgaWayu32ORrdrZB5DAKJ2Yw68fOXrnj0PemhE22iu1xQfiRnzvG8="},"body":{"resultInfo":{"resultStatus":"S","resultCode":"0000","resultMsg":"Success"},"txnToken":"2c567c345ad141dfb743d0ff58b44ab21789377426596","isPromoCodeValid":false,"authenticated":false}}
[2026-09-14T09:17:06.852Z] [PAYTM] INFO [NODE-SDK:1.0.0:cb30838a-179d-4904-988f-35a9a3379cf1] <Request>: Response Data Object: {"head":{"signature":"lrF90z2wTnRaVEvuIHe4yeXAY5P/+MTOgFF+CtZaBWZxVwRRcis1ForgaWayu32ORrdrZB5DAKJ2Yw68fOXrnj0PemhE22iu1xQfiRnzvG8=","responseTimestamp":"1789377426735","version":"v1"},"body":{"txnToken":"2c567c345ad141dfb743d0ff58b44ab21789377426596","isPromoCodeValid":false,"resultInfo":{"resultStatus":"S","resultMsg":"Success","resultCode":"0000"},"extraParamsMap":{}}}
[2026-09-14T09:17:06.852Z] [PAYTM] INFO [NODE-SDK:1.0.0:cb30838a-179d-4904-988f-35a9a3379cf1] <Request>: validating signature 
[2026-09-14T09:17:06.852Z] [PAYTM] INFO [NODE-SDK:1.0.0:cb30838a-179d-4904-988f-35a9a3379cf1] <EncDecUtil>: verifyChecksumByString called()
[2026-09-14T09:17:06.852Z] [PAYTM] INFO [NODE-SDK:1.0.0:cb30838a-179d-4904-988f-35a9a3379cf1] <EncDecUtil>: verifyChecksumByString returns: true
[2026-09-14T09:17:06.852Z] [PAYTM] INFO [NODE-SDK:1.0.0:cb30838a-179d-4904-988f-35a9a3379cf1] <Request>: signature validation passed 
[2026-09-14T09:17:06.852Z] [PAYTM] INFO [NODE-SDK:1.0.0:cb30838a-179d-4904-988f-35a9a3379cf1] <Request>: Execution completed with raw json response: {"head":{"responseTimestamp":"1789377426735","version":"v1","signature":"lrF90z2wTnRaVEvuIHe4yeXAY5P/+MTOgFF+CtZaBWZxVwRRcis1ForgaWayu32ORrdrZB5DAKJ2Yw68fOXrnj0PemhE22iu1xQfiRnzvG8="},"body":{"resultInfo":{"resultStatus":"S","resultCode":"0000","resultMsg":"Success"},"txnToken":"2c567c345ad141dfb743d0ff58b44ab21789377426596","isPromoCodeValid":false,"authenticated":false}}
[2026-09-14T09:18:18.556Z] [PAYTM] INFO [NODE-SDK:1.0.0:cbf2936d-9b89-4642-a354-c712fb45ca77] <Payment>: In createTxnToken PaymentDetail: {"channelId":"WEB","orderId":"PAYTM_3_1789377498555","txnAmount":{"currency":"INR","value":"100.00"},"userInfo":{"custId":"3"},"readTimeout":80000}
[2026-09-14T09:18:18.556Z] [PAYTM] INFO [NODE-SDK:1.0.0:cbf2936d-9b89-4642-a354-c712fb45ca77] <Payment>: validatePaymentDetailsObject for object: {"channelId":"WEB","orderId":"PAYTM_3_1789377498555","txnAmount":{"currency":"INR","value":"100.00"},"userInfo":{"custId":"3"},"readTimeout":80000}
[2026-09-14T09:18:18.556Z] [PAYTM] INFO [NODE-SDK:1.0.0:cbf2936d-9b89-4642-a354-c712fb45ca77] <Payment>:  validatePaymentDetailsObject returns true 
[2026-09-14T09:18:18.556Z] [PAYTM] INFO [NODE-SDK:1.0.0:cbf2936d-9b89-4642-a354-c712fb45ca77] <CommonUtil>: In getSecureRequestHeader
[2026-09-14T09:18:18.556Z] [PAYTM] INFO [NODE-SDK:1.0.0:cbf2936d-9b89-4642-a354-c712fb45ca77] <Payment>: InitiateTransactionRequest object {"head":{"version":"v2","channelId":"WEB","requestTimestamp":"1789377498556","signature":null},"body":{"requestType":"Payment","mid":"fjuvBp93155030651834","orderId":"PAYTM_3_1789377498555","websiteName":"WEBSTAGING","txnAmount":{"currency":"INR","value":"100.00"},"userInfo":{"custId":"3"},"callbackUrl":"https://overlaid-exact-gumball.ngrok-free.dev/api/payments/paytm/callback"}}
[2026-09-14T09:18:18.556Z] [PAYTM] INFO [NODE-SDK:1.0.0:cbf2936d-9b89-4642-a354-c712fb45ca77] <EncDecUtil>: generateSignature() called
[2026-09-14T09:18:18.556Z] [PAYTM] INFO [NODE-SDK:1.0.0:cbf2936d-9b89-4642-a354-c712fb45ca77] <EncDecUtil>: generateRandomString() called
[2026-09-14T09:18:18.557Z] [PAYTM] INFO [NODE-SDK:1.0.0:cbf2936d-9b89-4642-a354-c712fb45ca77] <EncDecUtil>: generateSalt returns: oORR
[2026-09-14T09:18:18.557Z] [PAYTM] INFO [NODE-SDK:1.0.0:cbf2936d-9b89-4642-a354-c712fb45ca77] <EncDecUtil>: getChecksumFromString returns: oTDa4GXubzTHMiDrODOAHkUS1c8J6FtoybPKsdubYqFtQZJzBHpOkvpYSUH6FrVe93m42eD9PuJXx+2lgyXM3SmkZ5w0kT34YioGWfFB3VM=
[2026-09-14T09:18:18.557Z] [PAYTM] INFO [NODE-SDK:1.0.0:cbf2936d-9b89-4642-a354-c712fb45ca77] <Request>: process for request: {"head":{"version":"v2","channelId":"WEB","requestTimestamp":"1789377498556","signature":"oTDa4GXubzTHMiDrODOAHkUS1c8J6FtoybPKsdubYqFtQZJzBHpOkvpYSUH6FrVe93m42eD9PuJXx+2lgyXM3SmkZ5w0kT34YioGWfFB3VM="},"body":{"requestType":"Payment","mid":"fjuvBp93155030651834","orderId":"PAYTM_3_1789377498555","websiteName":"WEBSTAGING","txnAmount":{"currency":"INR","value":"100.00"},"userInfo":{"custId":"3"},"callbackUrl":"https://overlaid-exact-gumball.ngrok-free.dev/api/payments/paytm/callback"}}
[2026-09-14T09:18:18.557Z] [PAYTM] INFO [NODE-SDK:1.0.0:cbf2936d-9b89-4642-a354-c712fb45ca77] <Request>: executeCurl called 
[2026-09-14T09:18:18.557Z] [PAYTM] INFO [NODE-SDK:1.0.0:cbf2936d-9b89-4642-a354-c712fb45ca77] <Request>: will make API call to: https://securestage.paytmpayments.com/theia/api/v1/initiateTransaction?mid=fjuvBp93155030651834&orderId=PAYTM_3_1789377498555
[2026-09-14T09:18:18.951Z] [PAYTM] INFO [NODE-SDK:1.0.0:cbf2936d-9b89-4642-a354-c712fb45ca77] <Request>: API response received upon successful execution: {"head":{"responseTimestamp":"1789377498834","version":"v1","signature":"KRSsFwfzeTqjIrXaWVqPQsZbgEI8GfCmezNqA4eIqioGB325sABzlaD5LFL9nI+YZk/oFirCd0wbRyA5tjTWqtLoFjfurr/rWcZLXT7XLsk="},"body":{"resultInfo":{"resultStatus":"S","resultCode":"0000","resultMsg":"Success"},"txnToken":"7107869ba9904235ab910e18aa8f06aa1789377498669","isPromoCodeValid":false,"authenticated":false}}
[2026-09-14T09:18:18.951Z] [PAYTM] INFO [NODE-SDK:1.0.0:cbf2936d-9b89-4642-a354-c712fb45ca77] <Request>: Raw Response: {"head":{"responseTimestamp":"1789377498834","version":"v1","signature":"KRSsFwfzeTqjIrXaWVqPQsZbgEI8GfCmezNqA4eIqioGB325sABzlaD5LFL9nI+YZk/oFirCd0wbRyA5tjTWqtLoFjfurr/rWcZLXT7XLsk="},"body":{"resultInfo":{"resultStatus":"S","resultCode":"0000","resultMsg":"Success"},"txnToken":"7107869ba9904235ab910e18aa8f06aa1789377498669","isPromoCodeValid":false,"authenticated":false}}
[2026-09-14T09:18:18.951Z] [PAYTM] INFO [NODE-SDK:1.0.0:cbf2936d-9b89-4642-a354-c712fb45ca77] <Request>: Response Data Object: {"head":{"signature":"KRSsFwfzeTqjIrXaWVqPQsZbgEI8GfCmezNqA4eIqioGB325sABzlaD5LFL9nI+YZk/oFirCd0wbRyA5tjTWqtLoFjfurr/rWcZLXT7XLsk=","responseTimestamp":"1789377498834","version":"v1"},"body":{"txnToken":"7107869ba9904235ab910e18aa8f06aa1789377498669","isPromoCodeValid":false,"resultInfo":{"resultStatus":"S","resultMsg":"Success","resultCode":"0000"},"extraParamsMap":{}}}
[2026-09-14T09:18:18.951Z] [PAYTM] INFO [NODE-SDK:1.0.0:cbf2936d-9b89-4642-a354-c712fb45ca77] <Request>: validating signature 
[2026-09-14T09:18:18.951Z] [PAYTM] INFO [NODE-SDK:1.0.0:cbf2936d-9b89-4642-a354-c712fb45ca77] <EncDecUtil>: verifyChecksumByString called()
[2026-09-14T09:18:18.952Z] [PAYTM] INFO [NODE-SDK:1.0.0:cbf2936d-9b89-4642-a354-c712fb45ca77] <EncDecUtil>: verifyChecksumByString returns: true
[2026-09-14T09:18:18.952Z] [PAYTM] INFO [NODE-SDK:1.0.0:cbf2936d-9b89-4642-a354-c712fb45ca77] <Request>: signature validation passed 
[2026-09-14T09:18:18.952Z] [PAYTM] INFO [NODE-SDK:1.0.0:cbf2936d-9b89-4642-a354-c712fb45ca77] <Request>: Execution completed with raw json response: {"head":{"responseTimestamp":"1789377498834","version":"v1","signature":"KRSsFwfzeTqjIrXaWVqPQsZbgEI8GfCmezNqA4eIqioGB325sABzlaD5LFL9nI+YZk/oFirCd0wbRyA5tjTWqtLoFjfurr/rWcZLXT7XLsk="},"body":{"resultInfo":{"resultStatus":"S","resultCode":"0000","resultMsg":"Success"},"txnToken":"7107869ba9904235ab910e18aa8f06aa1789377498669","isPromoCodeValid":false,"authenticated":false}}
[2026-09-14T09:36:25.222Z] [PAYTM] INFO [NODE-SDK1.0.0] <MerchantProperties>: initialize called
[2026-09-14T09:36:25.223Z] [PAYTM] INFO [NODE-SDK1.0.0] <MerchantProperties>: Setting Environment for STAGE
[2026-09-14T09:38:11.077Z] [PAYTM] INFO [NODE-SDK1.0.0] <MerchantProperties>: initialize called
[2026-09-14T09:38:11.078Z] [PAYTM] INFO [NODE-SDK1.0.0] <MerchantProperties>: Setting Environment for STAGE
[2026-09-14T09:38:58.450Z] [PAYTM] INFO [NODE-SDK:1.0.0:180f788e-ddb3-4638-be27-4a284a678ad6] <Payment>: In createTxnToken PaymentDetail: {"enablePaymentMode":[{"mode":"UPI","channels":["UPIPUSH"]}],"channelId":"WEB","orderId":"PAYTM_3_1789378738448","txnAmount":{"currency":"INR","value":"100.00"},"userInfo":{"custId":"3"},"readTimeout":80000}
[2026-09-14T09:38:58.450Z] [PAYTM] INFO [NODE-SDK:1.0.0:180f788e-ddb3-4638-be27-4a284a678ad6] <Payment>: validatePaymentDetailsObject for object: {"enablePaymentMode":[{"mode":"UPI","channels":["UPIPUSH"]}],"channelId":"WEB","orderId":"PAYTM_3_1789378738448","txnAmount":{"currency":"INR","value":"100.00"},"userInfo":{"custId":"3"},"readTimeout":80000}
[2026-09-14T09:38:58.450Z] [PAYTM] INFO [NODE-SDK:1.0.0:180f788e-ddb3-4638-be27-4a284a678ad6] <Payment>:  validatePaymentDetailsObject returns true 
[2026-09-14T09:38:58.451Z] [PAYTM] INFO [NODE-SDK:1.0.0:180f788e-ddb3-4638-be27-4a284a678ad6] <CommonUtil>: In getSecureRequestHeader
[2026-09-14T09:38:58.452Z] [PAYTM] INFO [NODE-SDK:1.0.0:180f788e-ddb3-4638-be27-4a284a678ad6] <Payment>: InitiateTransactionRequest object {"head":{"version":"v2","channelId":"WEB","requestTimestamp":"1789378738451","signature":null},"body":{"requestType":"Payment","mid":"fjuvBp93155030651834","orderId":"PAYTM_3_1789378738448","websiteName":"WEBSTAGING","txnAmount":{"currency":"INR","value":"100.00"},"userInfo":{"custId":"3"},"enablePaymentMode":[{"mode":"UPI","channels":["UPIPUSH"]}],"callbackUrl":"https://overlaid-exact-gumball.ngrok-free.dev/api/payments/paytm/callback"}}
[2026-09-14T09:38:58.452Z] [PAYTM] INFO [NODE-SDK:1.0.0:180f788e-ddb3-4638-be27-4a284a678ad6] <EncDecUtil>: generateSignature() called
[2026-09-14T09:38:58.453Z] [PAYTM] INFO [NODE-SDK:1.0.0:180f788e-ddb3-4638-be27-4a284a678ad6] <EncDecUtil>: generateRandomString() called
[2026-09-14T09:38:58.456Z] [PAYTM] INFO [NODE-SDK:1.0.0:180f788e-ddb3-4638-be27-4a284a678ad6] <EncDecUtil>: generateSalt returns: 5n5T
[2026-09-14T09:38:58.459Z] [PAYTM] INFO [NODE-SDK:1.0.0:180f788e-ddb3-4638-be27-4a284a678ad6] <EncDecUtil>: getChecksumFromString returns: UnIhKF0AGI0Bhz8CslNk+3CfTYNk5ECKhWH5FsVDQT6Ut5nhuhSnLHcHa9KSZjKrjo1oLf4Kk1teptcu85t4ZSzj0dKiBbWbf4fgV0s7k7E=
[2026-09-14T09:38:58.460Z] [PAYTM] INFO [NODE-SDK:1.0.0:180f788e-ddb3-4638-be27-4a284a678ad6] <Request>: process for request: {"head":{"version":"v2","channelId":"WEB","requestTimestamp":"1789378738451","signature":"UnIhKF0AGI0Bhz8CslNk+3CfTYNk5ECKhWH5FsVDQT6Ut5nhuhSnLHcHa9KSZjKrjo1oLf4Kk1teptcu85t4ZSzj0dKiBbWbf4fgV0s7k7E="},"body":{"requestType":"Payment","mid":"fjuvBp93155030651834","orderId":"PAYTM_3_1789378738448","websiteName":"WEBSTAGING","txnAmount":{"currency":"INR","value":"100.00"},"userInfo":{"custId":"3"},"enablePaymentMode":[{"mode":"UPI","channels":["UPIPUSH"]}],"callbackUrl":"https://overlaid-exact-gumball.ngrok-free.dev/api/payments/paytm/callback"}}
[2026-09-14T09:38:58.460Z] [PAYTM] INFO [NODE-SDK:1.0.0:180f788e-ddb3-4638-be27-4a284a678ad6] <Request>: executeCurl called 
[2026-09-14T09:38:58.460Z] [PAYTM] INFO [NODE-SDK:1.0.0:180f788e-ddb3-4638-be27-4a284a678ad6] <Request>: will make API call to: https://securestage.paytmpayments.com/theia/api/v1/initiateTransaction?mid=fjuvBp93155030651834&orderId=PAYTM_3_1789378738448
[2026-09-14T09:38:58.843Z] [PAYTM] INFO [NODE-SDK:1.0.0:180f788e-ddb3-4638-be27-4a284a678ad6] <Request>: API response received upon successful execution: {"head":{"responseTimestamp":"1789378738716","version":"v1","signature":"d2x5tUMzgZ/Zeyk3IwhBzW3nVYXr2ouz5BlOBvscZVFOtFJeeyZPjSYkoruVOwA0/F6F2C19t4PgHWIxAmzPwjfD1ZFgnr7PdTEYx1nWN8Y="},"body":{"resultInfo":{"resultStatus":"S","resultCode":"0000","resultMsg":"Success"},"txnToken":"1b45de1ab2bc4bd789225cf5fc12f8fd1789378738559","isPromoCodeValid":false,"authenticated":false}}
[2026-09-14T09:38:58.845Z] [PAYTM] INFO [NODE-SDK:1.0.0:180f788e-ddb3-4638-be27-4a284a678ad6] <Request>: Raw Response: {"head":{"responseTimestamp":"1789378738716","version":"v1","signature":"d2x5tUMzgZ/Zeyk3IwhBzW3nVYXr2ouz5BlOBvscZVFOtFJeeyZPjSYkoruVOwA0/F6F2C19t4PgHWIxAmzPwjfD1ZFgnr7PdTEYx1nWN8Y="},"body":{"resultInfo":{"resultStatus":"S","resultCode":"0000","resultMsg":"Success"},"txnToken":"1b45de1ab2bc4bd789225cf5fc12f8fd1789378738559","isPromoCodeValid":false,"authenticated":false}}
[2026-09-14T09:38:58.846Z] [PAYTM] INFO [NODE-SDK:1.0.0:180f788e-ddb3-4638-be27-4a284a678ad6] <Request>: Response Data Object: {"head":{"signature":"d2x5tUMzgZ/Zeyk3IwhBzW3nVYXr2ouz5BlOBvscZVFOtFJeeyZPjSYkoruVOwA0/F6F2C19t4PgHWIxAmzPwjfD1ZFgnr7PdTEYx1nWN8Y=","responseTimestamp":"1789378738716","version":"v1"},"body":{"txnToken":"1b45de1ab2bc4bd789225cf5fc12f8fd1789378738559","isPromoCodeValid":false,"resultInfo":{"resultStatus":"S","resultMsg":"Success","resultCode":"0000"},"extraParamsMap":{}}}
[2026-09-14T09:38:58.846Z] [PAYTM] INFO [NODE-SDK:1.0.0:180f788e-ddb3-4638-be27-4a284a678ad6] <Request>: validating signature 
[2026-09-14T09:38:58.847Z] [PAYTM] INFO [NODE-SDK:1.0.0:180f788e-ddb3-4638-be27-4a284a678ad6] <EncDecUtil>: verifyChecksumByString called()
[2026-09-14T09:38:58.847Z] [PAYTM] INFO [NODE-SDK:1.0.0:180f788e-ddb3-4638-be27-4a284a678ad6] <EncDecUtil>: verifyChecksumByString returns: true
[2026-09-14T09:38:58.847Z] [PAYTM] INFO [NODE-SDK:1.0.0:180f788e-ddb3-4638-be27-4a284a678ad6] <Request>: signature validation passed 
[2026-09-14T09:38:58.847Z] [PAYTM] INFO [NODE-SDK:1.0.0:180f788e-ddb3-4638-be27-4a284a678ad6] <Request>: Execution completed with raw json response: {"head":{"responseTimestamp":"1789378738716","version":"v1","signature":"d2x5tUMzgZ/Zeyk3IwhBzW3nVYXr2ouz5BlOBvscZVFOtFJeeyZPjSYkoruVOwA0/F6F2C19t4PgHWIxAmzPwjfD1ZFgnr7PdTEYx1nWN8Y="},"body":{"resultInfo":{"resultStatus":"S","resultCode":"0000","resultMsg":"Success"},"txnToken":"1b45de1ab2bc4bd789225cf5fc12f8fd1789378738559","isPromoCodeValid":false,"authenticated":false}}
[2026-09-14T09:42:53.396Z] [PAYTM] INFO [NODE-SDK1.0.0] <MerchantProperties>: initialize called
[2026-09-14T09:42:53.397Z] [PAYTM] INFO [NODE-SDK1.0.0] <MerchantProperties>: Setting Environment for STAGE
[2026-09-14T09:43:06.165Z] [PAYTM] INFO [NODE-SDK:1.0.0:31ab01fd-ced5-4054-82be-beaacdc2d8fe] <Payment>: In createTxnToken PaymentDetail: {"channelId":"WEB","orderId":"PAYTM_3_1789378986163","txnAmount":{"currency":"INR","value":"100.00"},"userInfo":{"custId":"3"},"readTimeout":80000}
[2026-09-14T09:43:06.166Z] [PAYTM] INFO [NODE-SDK:1.0.0:31ab01fd-ced5-4054-82be-beaacdc2d8fe] <Payment>: validatePaymentDetailsObject for object: {"channelId":"WEB","orderId":"PAYTM_3_1789378986163","txnAmount":{"currency":"INR","value":"100.00"},"userInfo":{"custId":"3"},"readTimeout":80000}
[2026-09-14T09:43:06.166Z] [PAYTM] INFO [NODE-SDK:1.0.0:31ab01fd-ced5-4054-82be-beaacdc2d8fe] <Payment>:  validatePaymentDetailsObject returns true 
[2026-09-14T09:43:06.167Z] [PAYTM] INFO [NODE-SDK:1.0.0:31ab01fd-ced5-4054-82be-beaacdc2d8fe] <CommonUtil>: In getSecureRequestHeader
[2026-09-14T09:43:06.169Z] [PAYTM] INFO [NODE-SDK:1.0.0:31ab01fd-ced5-4054-82be-beaacdc2d8fe] <Payment>: InitiateTransactionRequest object {"head":{"version":"v2","channelId":"WEB","requestTimestamp":"1789378986167","signature":null},"body":{"requestType":"Payment","mid":"fjuvBp93155030651834","orderId":"PAYTM_3_1789378986163","websiteName":"WEBSTAGING","txnAmount":{"currency":"INR","value":"100.00"},"userInfo":{"custId":"3"},"callbackUrl":"https://overlaid-exact-gumball.ngrok-free.dev/api/payments/paytm/callback"}}
[2026-09-14T09:43:06.170Z] [PAYTM] INFO [NODE-SDK:1.0.0:31ab01fd-ced5-4054-82be-beaacdc2d8fe] <EncDecUtil>: generateSignature() called
[2026-09-14T09:43:06.170Z] [PAYTM] INFO [NODE-SDK:1.0.0:31ab01fd-ced5-4054-82be-beaacdc2d8fe] <EncDecUtil>: generateRandomString() called
[2026-09-14T09:43:06.171Z] [PAYTM] INFO [NODE-SDK:1.0.0:31ab01fd-ced5-4054-82be-beaacdc2d8fe] <EncDecUtil>: generateSalt returns: 6fIE
[2026-09-14T09:43:06.173Z] [PAYTM] INFO [NODE-SDK:1.0.0:31ab01fd-ced5-4054-82be-beaacdc2d8fe] <EncDecUtil>: getChecksumFromString returns: +8fWB86ZwbBlPXQF8YUJTSKAXTMADCyHgyyU41g7zM1wkS3qEIeNJFe+XMZu79VPkbKQVfRuJECNhhWwK3tkM7M7w7un7NTAhYMxsuy1MY8=
[2026-09-14T09:43:06.173Z] [PAYTM] INFO [NODE-SDK:1.0.0:31ab01fd-ced5-4054-82be-beaacdc2d8fe] <Request>: process for request: {"head":{"version":"v2","channelId":"WEB","requestTimestamp":"1789378986167","signature":"+8fWB86ZwbBlPXQF8YUJTSKAXTMADCyHgyyU41g7zM1wkS3qEIeNJFe+XMZu79VPkbKQVfRuJECNhhWwK3tkM7M7w7un7NTAhYMxsuy1MY8="},"body":{"requestType":"Payment","mid":"fjuvBp93155030651834","orderId":"PAYTM_3_1789378986163","websiteName":"WEBSTAGING","txnAmount":{"currency":"INR","value":"100.00"},"userInfo":{"custId":"3"},"callbackUrl":"https://overlaid-exact-gumball.ngrok-free.dev/api/payments/paytm/callback"}}
[2026-09-14T09:43:06.174Z] [PAYTM] INFO [NODE-SDK:1.0.0:31ab01fd-ced5-4054-82be-beaacdc2d8fe] <Request>: executeCurl called 
[2026-09-14T09:43:06.174Z] [PAYTM] INFO [NODE-SDK:1.0.0:31ab01fd-ced5-4054-82be-beaacdc2d8fe] <Request>: will make API call to: https://securestage.paytmpayments.com/theia/api/v1/initiateTransaction?mid=fjuvBp93155030651834&orderId=PAYTM_3_1789378986163
[2026-09-14T09:43:06.477Z] [PAYTM] INFO [NODE-SDK:1.0.0:31ab01fd-ced5-4054-82be-beaacdc2d8fe] <Request>: API response received upon successful execution: {"head":{"responseTimestamp":"1789378986349","version":"v1","signature":"jUJf6JkwF4l2GAb2UoLzGkFkRBd85fWIH19VLmLo9ITxNuIG4uhHlKO4e/94KeFy94Ci0oAEiR72qonPVpMQghhDjBbysqCtBwnniXcSgJQ="},"body":{"resultInfo":{"resultStatus":"S","resultCode":"0000","resultMsg":"Success"},"txnToken":"dd077e4043af44579eb58b9cda53ed491789378986216","isPromoCodeValid":false,"authenticated":false}}
[2026-09-14T09:43:06.479Z] [PAYTM] INFO [NODE-SDK:1.0.0:31ab01fd-ced5-4054-82be-beaacdc2d8fe] <Request>: Raw Response: {"head":{"responseTimestamp":"1789378986349","version":"v1","signature":"jUJf6JkwF4l2GAb2UoLzGkFkRBd85fWIH19VLmLo9ITxNuIG4uhHlKO4e/94KeFy94Ci0oAEiR72qonPVpMQghhDjBbysqCtBwnniXcSgJQ="},"body":{"resultInfo":{"resultStatus":"S","resultCode":"0000","resultMsg":"Success"},"txnToken":"dd077e4043af44579eb58b9cda53ed491789378986216","isPromoCodeValid":false,"authenticated":false}}
[2026-09-14T09:43:06.480Z] [PAYTM] INFO [NODE-SDK:1.0.0:31ab01fd-ced5-4054-82be-beaacdc2d8fe] <Request>: Response Data Object: {"head":{"signature":"jUJf6JkwF4l2GAb2UoLzGkFkRBd85fWIH19VLmLo9ITxNuIG4uhHlKO4e/94KeFy94Ci0oAEiR72qonPVpMQghhDjBbysqCtBwnniXcSgJQ=","responseTimestamp":"1789378986349","version":"v1"},"body":{"txnToken":"dd077e4043af44579eb58b9cda53ed491789378986216","isPromoCodeValid":false,"resultInfo":{"resultStatus":"S","resultMsg":"Success","resultCode":"0000"},"extraParamsMap":{}}}
[2026-09-14T09:43:06.481Z] [PAYTM] INFO [NODE-SDK:1.0.0:31ab01fd-ced5-4054-82be-beaacdc2d8fe] <Request>: validating signature 
[2026-09-14T09:43:06.481Z] [PAYTM] INFO [NODE-SDK:1.0.0:31ab01fd-ced5-4054-82be-beaacdc2d8fe] <EncDecUtil>: verifyChecksumByString called()
[2026-09-14T09:43:06.481Z] [PAYTM] INFO [NODE-SDK:1.0.0:31ab01fd-ced5-4054-82be-beaacdc2d8fe] <EncDecUtil>: verifyChecksumByString returns: true
[2026-09-14T09:43:06.481Z] [PAYTM] INFO [NODE-SDK:1.0.0:31ab01fd-ced5-4054-82be-beaacdc2d8fe] <Request>: signature validation passed 
[2026-09-14T09:43:06.481Z] [PAYTM] INFO [NODE-SDK:1.0.0:31ab01fd-ced5-4054-82be-beaacdc2d8fe] <Request>: Execution completed with raw json response: {"head":{"responseTimestamp":"1789378986349","version":"v1","signature":"jUJf6JkwF4l2GAb2UoLzGkFkRBd85fWIH19VLmLo9ITxNuIG4uhHlKO4e/94KeFy94Ci0oAEiR72qonPVpMQghhDjBbysqCtBwnniXcSgJQ="},"body":{"resultInfo":{"resultStatus":"S","resultCode":"0000","resultMsg":"Success"},"txnToken":"dd077e4043af44579eb58b9cda53ed491789378986216","isPromoCodeValid":false,"authenticated":false}}
[2026-09-14T09:44:04.852Z] [PAYTM] INFO [NODE-SDK1.0.0] <MerchantProperties>: initialize called
[2026-09-14T09:44:04.853Z] [PAYTM] INFO [NODE-SDK1.0.0] <MerchantProperties>: Setting Environment for STAGE
[2026-09-14T09:47:34.779Z] [PAYTM] INFO [NODE-SDK1.0.0] <MerchantProperties>: initialize called
[2026-09-14T09:47:34.780Z] [PAYTM] INFO [NODE-SDK1.0.0] <MerchantProperties>: Setting Environment for STAGE
[2026-09-14T09:48:06.698Z] [PAYTM] INFO [NODE-SDK:1.0.0:b19c2e2f-f848-4028-8e74-def6044751e9] <Payment>: In createTxnToken PaymentDetail: {"channelId":"WEB","orderId":"PAYTM_3_1789379286696","txnAmount":{"currency":"INR","value":"100.00"},"userInfo":{"custId":"3"},"readTimeout":80000}
[2026-09-14T09:48:06.698Z] [PAYTM] INFO [NODE-SDK:1.0.0:b19c2e2f-f848-4028-8e74-def6044751e9] <Payment>: validatePaymentDetailsObject for object: {"channelId":"WEB","orderId":"PAYTM_3_1789379286696","txnAmount":{"currency":"INR","value":"100.00"},"userInfo":{"custId":"3"},"readTimeout":80000}
[2026-09-14T09:48:06.698Z] [PAYTM] INFO [NODE-SDK:1.0.0:b19c2e2f-f848-4028-8e74-def6044751e9] <Payment>:  validatePaymentDetailsObject returns true 
[2026-09-14T09:48:06.699Z] [PAYTM] INFO [NODE-SDK:1.0.0:b19c2e2f-f848-4028-8e74-def6044751e9] <CommonUtil>: In getSecureRequestHeader
[2026-09-14T09:48:06.700Z] [PAYTM] INFO [NODE-SDK:1.0.0:b19c2e2f-f848-4028-8e74-def6044751e9] <Payment>: InitiateTransactionRequest object {"head":{"version":"v2","channelId":"WEB","requestTimestamp":"1789379286699","signature":null},"body":{"requestType":"Payment","mid":"fjuvBp93155030651834","orderId":"PAYTM_3_1789379286696","websiteName":"WEBSTAGING","txnAmount":{"currency":"INR","value":"100.00"},"userInfo":{"custId":"3"},"callbackUrl":"https://overlaid-exact-gumball.ngrok-free.dev/api/payments/paytm/callback"}}
[2026-09-14T09:48:06.700Z] [PAYTM] INFO [NODE-SDK:1.0.0:b19c2e2f-f848-4028-8e74-def6044751e9] <EncDecUtil>: generateSignature() called
[2026-09-14T09:48:06.701Z] [PAYTM] INFO [NODE-SDK:1.0.0:b19c2e2f-f848-4028-8e74-def6044751e9] <EncDecUtil>: generateRandomString() called
[2026-09-14T09:48:06.702Z] [PAYTM] INFO [NODE-SDK:1.0.0:b19c2e2f-f848-4028-8e74-def6044751e9] <EncDecUtil>: generateSalt returns: k8UR
[2026-09-14T09:48:06.703Z] [PAYTM] INFO [NODE-SDK:1.0.0:b19c2e2f-f848-4028-8e74-def6044751e9] <EncDecUtil>: getChecksumFromString returns: x0c1Jum1xgQZxw/J+ogUKrQpyVtFaA4/FwUVWxTS2CRDobBYxQEnLMpB/t+8GNwRoaUIg54NsI2qWoYbrHRe+8ad6yLpDQt4YbfHj6MO2vM=
[2026-09-14T09:48:06.703Z] [PAYTM] INFO [NODE-SDK:1.0.0:b19c2e2f-f848-4028-8e74-def6044751e9] <Request>: process for request: {"head":{"version":"v2","channelId":"WEB","requestTimestamp":"1789379286699","signature":"x0c1Jum1xgQZxw/J+ogUKrQpyVtFaA4/FwUVWxTS2CRDobBYxQEnLMpB/t+8GNwRoaUIg54NsI2qWoYbrHRe+8ad6yLpDQt4YbfHj6MO2vM="},"body":{"requestType":"Payment","mid":"fjuvBp93155030651834","orderId":"PAYTM_3_1789379286696","websiteName":"WEBSTAGING","txnAmount":{"currency":"INR","value":"100.00"},"userInfo":{"custId":"3"},"callbackUrl":"https://overlaid-exact-gumball.ngrok-free.dev/api/payments/paytm/callback"}}
[2026-09-14T09:48:06.704Z] [PAYTM] INFO [NODE-SDK:1.0.0:b19c2e2f-f848-4028-8e74-def6044751e9] <Request>: executeCurl called 
[2026-09-14T09:48:06.704Z] [PAYTM] INFO [NODE-SDK:1.0.0:b19c2e2f-f848-4028-8e74-def6044751e9] <Request>: will make API call to: https://securestage.paytmpayments.com/theia/api/v1/initiateTransaction?mid=fjuvBp93155030651834&orderId=PAYTM_3_1789379286696
[2026-09-14T09:48:07.036Z] [PAYTM] INFO [NODE-SDK:1.0.0:b19c2e2f-f848-4028-8e74-def6044751e9] <Request>: API response received upon successful execution: {"head":{"responseTimestamp":"1789379286905","version":"v1","signature":"DQzDP168klS8diUfKqLN38RXPwbBkxuMFhvC4vkCN38Ri52mrypkzuImQTIfaM7yDstzbp0oekUCwtLMZVO6cxfquUDOI6UB1y0k/NI/kuw="},"body":{"resultInfo":{"resultStatus":"S","resultCode":"0000","resultMsg":"Success"},"txnToken":"07c0542207954376ab447279162f0ef21789379286752","isPromoCodeValid":false,"authenticated":false}}
[2026-09-14T09:48:07.037Z] [PAYTM] INFO [NODE-SDK:1.0.0:b19c2e2f-f848-4028-8e74-def6044751e9] <Request>: Raw Response: {"head":{"responseTimestamp":"1789379286905","version":"v1","signature":"DQzDP168klS8diUfKqLN38RXPwbBkxuMFhvC4vkCN38Ri52mrypkzuImQTIfaM7yDstzbp0oekUCwtLMZVO6cxfquUDOI6UB1y0k/NI/kuw="},"body":{"resultInfo":{"resultStatus":"S","resultCode":"0000","resultMsg":"Success"},"txnToken":"07c0542207954376ab447279162f0ef21789379286752","isPromoCodeValid":false,"authenticated":false}}
[2026-09-14T09:48:07.038Z] [PAYTM] INFO [NODE-SDK:1.0.0:b19c2e2f-f848-4028-8e74-def6044751e9] <Request>: Response Data Object: {"head":{"signature":"DQzDP168klS8diUfKqLN38RXPwbBkxuMFhvC4vkCN38Ri52mrypkzuImQTIfaM7yDstzbp0oekUCwtLMZVO6cxfquUDOI6UB1y0k/NI/kuw=","responseTimestamp":"1789379286905","version":"v1"},"body":{"txnToken":"07c0542207954376ab447279162f0ef21789379286752","isPromoCodeValid":false,"resultInfo":{"resultStatus":"S","resultMsg":"Success","resultCode":"0000"},"extraParamsMap":{}}}
[2026-09-14T09:48:07.038Z] [PAYTM] INFO [NODE-SDK:1.0.0:b19c2e2f-f848-4028-8e74-def6044751e9] <Request>: validating signature 
[2026-09-14T09:48:07.038Z] [PAYTM] INFO [NODE-SDK:1.0.0:b19c2e2f-f848-4028-8e74-def6044751e9] <EncDecUtil>: verifyChecksumByString called()
[2026-09-14T09:48:07.039Z] [PAYTM] INFO [NODE-SDK:1.0.0:b19c2e2f-f848-4028-8e74-def6044751e9] <EncDecUtil>: verifyChecksumByString returns: true
[2026-09-14T09:48:07.039Z] [PAYTM] INFO [NODE-SDK:1.0.0:b19c2e2f-f848-4028-8e74-def6044751e9] <Request>: signature validation passed 
[2026-09-14T09:48:07.039Z] [PAYTM] INFO [NODE-SDK:1.0.0:b19c2e2f-f848-4028-8e74-def6044751e9] <Request>: Execution completed with raw json response: {"head":{"responseTimestamp":"1789379286905","version":"v1","signature":"DQzDP168klS8diUfKqLN38RXPwbBkxuMFhvC4vkCN38Ri52mrypkzuImQTIfaM7yDstzbp0oekUCwtLMZVO6cxfquUDOI6UB1y0k/NI/kuw="},"body":{"resultInfo":{"resultStatus":"S","resultCode":"0000","resultMsg":"Success"},"txnToken":"07c0542207954376ab447279162f0ef21789379286752","isPromoCodeValid":false,"authenticated":false}}
[2026-09-14T09:59:04.104Z] [PAYTM] INFO [NODE-SDK:1.0.0:7feb6da4-30e7-4acd-bbee-6168f2c6bffe] <Payment>: In createTxnToken PaymentDetail: {"channelId":"WEB","orderId":"PAYTM_3_1789379944103","txnAmount":{"currency":"INR","value":"250.00"},"userInfo":{"custId":"3"},"readTimeout":80000}
[2026-09-14T09:59:04.105Z] [PAYTM] INFO [NODE-SDK:1.0.0:7feb6da4-30e7-4acd-bbee-6168f2c6bffe] <Payment>: validatePaymentDetailsObject for object: {"channelId":"WEB","orderId":"PAYTM_3_1789379944103","txnAmount":{"currency":"INR","value":"250.00"},"userInfo":{"custId":"3"},"readTimeout":80000}
[2026-09-14T09:59:04.105Z] [PAYTM] INFO [NODE-SDK:1.0.0:7feb6da4-30e7-4acd-bbee-6168f2c6bffe] <Payment>:  validatePaymentDetailsObject returns true 
[2026-09-14T09:59:04.105Z] [PAYTM] INFO [NODE-SDK:1.0.0:7feb6da4-30e7-4acd-bbee-6168f2c6bffe] <CommonUtil>: In getSecureRequestHeader
[2026-09-14T09:59:04.105Z] [PAYTM] INFO [NODE-SDK:1.0.0:7feb6da4-30e7-4acd-bbee-6168f2c6bffe] <Payment>: InitiateTransactionRequest object {"head":{"version":"v2","channelId":"WEB","requestTimestamp":"1789379944105","signature":null},"body":{"requestType":"Payment","mid":"fjuvBp93155030651834","orderId":"PAYTM_3_1789379944103","websiteName":"WEBSTAGING","txnAmount":{"currency":"INR","value":"250.00"},"userInfo":{"custId":"3"},"callbackUrl":"https://overlaid-exact-gumball.ngrok-free.dev/api/payments/paytm/callback"}}
[2026-09-14T09:59:04.105Z] [PAYTM] INFO [NODE-SDK:1.0.0:7feb6da4-30e7-4acd-bbee-6168f2c6bffe] <EncDecUtil>: generateSignature() called
[2026-09-14T09:59:04.105Z] [PAYTM] INFO [NODE-SDK:1.0.0:7feb6da4-30e7-4acd-bbee-6168f2c6bffe] <EncDecUtil>: generateRandomString() called
[2026-09-14T09:59:04.106Z] [PAYTM] INFO [NODE-SDK:1.0.0:7feb6da4-30e7-4acd-bbee-6168f2c6bffe] <EncDecUtil>: generateSalt returns: xxS1
[2026-09-14T09:59:04.106Z] [PAYTM] INFO [NODE-SDK:1.0.0:7feb6da4-30e7-4acd-bbee-6168f2c6bffe] <EncDecUtil>: getChecksumFromString returns: fRrHqh4Rn9vR0ojY6OxkuNjiMrFO5ez+byZeWT3XKDqa/x82pV6PFBqN4ls4B2j+KSs+ZZ7XYbEa8d2j9Qz2ZjOy75UBDZcgdneSsUHMzww=
[2026-09-14T09:59:04.107Z] [PAYTM] INFO [NODE-SDK:1.0.0:7feb6da4-30e7-4acd-bbee-6168f2c6bffe] <Request>: process for request: {"head":{"version":"v2","channelId":"WEB","requestTimestamp":"1789379944105","signature":"fRrHqh4Rn9vR0ojY6OxkuNjiMrFO5ez+byZeWT3XKDqa/x82pV6PFBqN4ls4B2j+KSs+ZZ7XYbEa8d2j9Qz2ZjOy75UBDZcgdneSsUHMzww="},"body":{"requestType":"Payment","mid":"fjuvBp93155030651834","orderId":"PAYTM_3_1789379944103","websiteName":"WEBSTAGING","txnAmount":{"currency":"INR","value":"250.00"},"userInfo":{"custId":"3"},"callbackUrl":"https://overlaid-exact-gumball.ngrok-free.dev/api/payments/paytm/callback"}}
[2026-09-14T09:59:04.107Z] [PAYTM] INFO [NODE-SDK:1.0.0:7feb6da4-30e7-4acd-bbee-6168f2c6bffe] <Request>: executeCurl called 
[2026-09-14T09:59:04.107Z] [PAYTM] INFO [NODE-SDK:1.0.0:7feb6da4-30e7-4acd-bbee-6168f2c6bffe] <Request>: will make API call to: https://securestage.paytmpayments.com/theia/api/v1/initiateTransaction?mid=fjuvBp93155030651834&orderId=PAYTM_3_1789379944103
[2026-09-14T09:59:04.520Z] [PAYTM] INFO [NODE-SDK:1.0.0:7feb6da4-30e7-4acd-bbee-6168f2c6bffe] <Request>: API response received upon successful execution: {"head":{"responseTimestamp":"1789379944387","version":"v1","signature":"bI9JWTq/IxPQLGbvsM6E5QFQR488u8n35Du1pp4ehXHaBCMHbJLAHg4+uzDi3HwSW6CzS9oCa/6gJVIKW//kCAF1rtsYOTqyklh4MWAm8S0="},"body":{"resultInfo":{"resultStatus":"S","resultCode":"0000","resultMsg":"Success"},"txnToken":"eed9d8e61929431ebae93b4c4da8275d1789379944203","isPromoCodeValid":false,"authenticated":false}}
[2026-09-14T09:59:04.520Z] [PAYTM] INFO [NODE-SDK:1.0.0:7feb6da4-30e7-4acd-bbee-6168f2c6bffe] <Request>: Raw Response: {"head":{"responseTimestamp":"1789379944387","version":"v1","signature":"bI9JWTq/IxPQLGbvsM6E5QFQR488u8n35Du1pp4ehXHaBCMHbJLAHg4+uzDi3HwSW6CzS9oCa/6gJVIKW//kCAF1rtsYOTqyklh4MWAm8S0="},"body":{"resultInfo":{"resultStatus":"S","resultCode":"0000","resultMsg":"Success"},"txnToken":"eed9d8e61929431ebae93b4c4da8275d1789379944203","isPromoCodeValid":false,"authenticated":false}}
[2026-09-14T09:59:04.521Z] [PAYTM] INFO [NODE-SDK:1.0.0:7feb6da4-30e7-4acd-bbee-6168f2c6bffe] <Request>: Response Data Object: {"head":{"signature":"bI9JWTq/IxPQLGbvsM6E5QFQR488u8n35Du1pp4ehXHaBCMHbJLAHg4+uzDi3HwSW6CzS9oCa/6gJVIKW//kCAF1rtsYOTqyklh4MWAm8S0=","responseTimestamp":"1789379944387","version":"v1"},"body":{"txnToken":"eed9d8e61929431ebae93b4c4da8275d1789379944203","isPromoCodeValid":false,"resultInfo":{"resultStatus":"S","resultMsg":"Success","resultCode":"0000"},"extraParamsMap":{}}}
[2026-09-14T09:59:04.521Z] [PAYTM] INFO [NODE-SDK:1.0.0:7feb6da4-30e7-4acd-bbee-6168f2c6bffe] <Request>: validating signature 
[2026-09-14T09:59:04.521Z] [PAYTM] INFO [NODE-SDK:1.0.0:7feb6da4-30e7-4acd-bbee-6168f2c6bffe] <EncDecUtil>: verifyChecksumByString called()
[2026-09-14T09:59:04.521Z] [PAYTM] INFO [NODE-SDK:1.0.0:7feb6da4-30e7-4acd-bbee-6168f2c6bffe] <EncDecUtil>: verifyChecksumByString returns: true
[2026-09-14T09:59:04.521Z] [PAYTM] INFO [NODE-SDK:1.0.0:7feb6da4-30e7-4acd-bbee-6168f2c6bffe] <Request>: signature validation passed 
[2026-09-14T09:59:04.521Z] [PAYTM] INFO [NODE-SDK:1.0.0:7feb6da4-30e7-4acd-bbee-6168f2c6bffe] <Request>: Execution completed with raw json response: {"head":{"responseTimestamp":"1789379944387","version":"v1","signature":"bI9JWTq/IxPQLGbvsM6E5QFQR488u8n35Du1pp4ehXHaBCMHbJLAHg4+uzDi3HwSW6CzS9oCa/6gJVIKW//kCAF1rtsYOTqyklh4MWAm8S0="},"body":{"resultInfo":{"resultStatus":"S","resultCode":"0000","resultMsg":"Success"},"txnToken":"eed9d8e61929431ebae93b4c4da8275d1789379944203","isPromoCodeValid":false,"authenticated":false}}
[2026-09-14T10:09:29.633Z] [PAYTM] INFO [NODE-SDK:1.0.0:398c828a-1527-42ea-b8f1-b3f3e65afc81] <Payment>: In createTxnToken PaymentDetail: {"channelId":"WEB","orderId":"PAYTM_3_1789380569631","txnAmount":{"currency":"INR","value":"100.00"},"userInfo":{"custId":"3"},"readTimeout":80000}
[2026-09-14T10:09:29.634Z] [PAYTM] INFO [NODE-SDK:1.0.0:398c828a-1527-42ea-b8f1-b3f3e65afc81] <Payment>: validatePaymentDetailsObject for object: {"channelId":"WEB","orderId":"PAYTM_3_1789380569631","txnAmount":{"currency":"INR","value":"100.00"},"userInfo":{"custId":"3"},"readTimeout":80000}
[2026-09-14T10:09:29.634Z] [PAYTM] INFO [NODE-SDK:1.0.0:398c828a-1527-42ea-b8f1-b3f3e65afc81] <Payment>:  validatePaymentDetailsObject returns true 
[2026-09-14T10:09:29.634Z] [PAYTM] INFO [NODE-SDK:1.0.0:398c828a-1527-42ea-b8f1-b3f3e65afc81] <CommonUtil>: In getSecureRequestHeader
[2026-09-14T10:09:29.635Z] [PAYTM] INFO [NODE-SDK:1.0.0:398c828a-1527-42ea-b8f1-b3f3e65afc81] <Payment>: InitiateTransactionRequest object {"head":{"version":"v2","channelId":"WEB","requestTimestamp":"1789380569635","signature":null},"body":{"requestType":"Payment","mid":"fjuvBp93155030651834","orderId":"PAYTM_3_1789380569631","websiteName":"WEBSTAGING","txnAmount":{"currency":"INR","value":"100.00"},"userInfo":{"custId":"3"},"callbackUrl":"https://overlaid-exact-gumball.ngrok-free.dev/api/payments/paytm/callback"}}
[2026-09-14T10:09:29.635Z] [PAYTM] INFO [NODE-SDK:1.0.0:398c828a-1527-42ea-b8f1-b3f3e65afc81] <EncDecUtil>: generateSignature() called
[2026-09-14T10:09:29.635Z] [PAYTM] INFO [NODE-SDK:1.0.0:398c828a-1527-42ea-b8f1-b3f3e65afc81] <EncDecUtil>: generateRandomString() called
[2026-09-14T10:09:29.636Z] [PAYTM] INFO [NODE-SDK:1.0.0:398c828a-1527-42ea-b8f1-b3f3e65afc81] <EncDecUtil>: generateSalt returns: YZ4y
[2026-09-14T10:09:29.636Z] [PAYTM] INFO [NODE-SDK:1.0.0:398c828a-1527-42ea-b8f1-b3f3e65afc81] <EncDecUtil>: getChecksumFromString returns: MqgxjrJwOq66jOMqm8xMt0K5TaMe6NwJv/yfwG37h/gbUsfwizEPwrDX6+FtGX2CQ+8ukPEk4KHm0gULoqTVD+ZPSIeoTnAHV3qvt8mhLaQ=
[2026-09-14T10:09:29.637Z] [PAYTM] INFO [NODE-SDK:1.0.0:398c828a-1527-42ea-b8f1-b3f3e65afc81] <Request>: process for request: {"head":{"version":"v2","channelId":"WEB","requestTimestamp":"1789380569635","signature":"MqgxjrJwOq66jOMqm8xMt0K5TaMe6NwJv/yfwG37h/gbUsfwizEPwrDX6+FtGX2CQ+8ukPEk4KHm0gULoqTVD+ZPSIeoTnAHV3qvt8mhLaQ="},"body":{"requestType":"Payment","mid":"fjuvBp93155030651834","orderId":"PAYTM_3_1789380569631","websiteName":"WEBSTAGING","txnAmount":{"currency":"INR","value":"100.00"},"userInfo":{"custId":"3"},"callbackUrl":"https://overlaid-exact-gumball.ngrok-free.dev/api/payments/paytm/callback"}}
[2026-09-14T10:09:29.637Z] [PAYTM] INFO [NODE-SDK:1.0.0:398c828a-1527-42ea-b8f1-b3f3e65afc81] <Request>: executeCurl called 
[2026-09-14T10:09:29.637Z] [PAYTM] INFO [NODE-SDK:1.0.0:398c828a-1527-42ea-b8f1-b3f3e65afc81] <Request>: will make API call to: https://securestage.paytmpayments.com/theia/api/v1/initiateTransaction?mid=fjuvBp93155030651834&orderId=PAYTM_3_1789380569631
[2026-09-14T10:09:30.022Z] [PAYTM] INFO [NODE-SDK:1.0.0:398c828a-1527-42ea-b8f1-b3f3e65afc81] <Request>: API response received upon successful execution: {"head":{"responseTimestamp":"1789380569885","version":"v1","signature":"3H/ERONmMoqEgo4nfERRpyMGfXTZ7tdm86wOn5Sjd6+9NHJOH1jfA1+vtzYOMV2rfumI/XeGkYUIl6tZSgzKjmcU2QZ4Q7xEzcxaNHWla4g="},"body":{"resultInfo":{"resultStatus":"S","resultCode":"0000","resultMsg":"Success"},"txnToken":"f5ca44fd7aed4b22adc9670a351fbf5b1789380569666","isPromoCodeValid":false,"authenticated":false}}
[2026-09-14T10:09:30.023Z] [PAYTM] INFO [NODE-SDK:1.0.0:398c828a-1527-42ea-b8f1-b3f3e65afc81] <Request>: Raw Response: {"head":{"responseTimestamp":"1789380569885","version":"v1","signature":"3H/ERONmMoqEgo4nfERRpyMGfXTZ7tdm86wOn5Sjd6+9NHJOH1jfA1+vtzYOMV2rfumI/XeGkYUIl6tZSgzKjmcU2QZ4Q7xEzcxaNHWla4g="},"body":{"resultInfo":{"resultStatus":"S","resultCode":"0000","resultMsg":"Success"},"txnToken":"f5ca44fd7aed4b22adc9670a351fbf5b1789380569666","isPromoCodeValid":false,"authenticated":false}}
[2026-09-14T10:09:30.023Z] [PAYTM] INFO [NODE-SDK:1.0.0:398c828a-1527-42ea-b8f1-b3f3e65afc81] <Request>: Response Data Object: {"head":{"signature":"3H/ERONmMoqEgo4nfERRpyMGfXTZ7tdm86wOn5Sjd6+9NHJOH1jfA1+vtzYOMV2rfumI/XeGkYUIl6tZSgzKjmcU2QZ4Q7xEzcxaNHWla4g=","responseTimestamp":"1789380569885","version":"v1"},"body":{"txnToken":"f5ca44fd7aed4b22adc9670a351fbf5b1789380569666","isPromoCodeValid":false,"resultInfo":{"resultStatus":"S","resultMsg":"Success","resultCode":"0000"},"extraParamsMap":{}}}
[2026-09-14T10:09:30.023Z] [PAYTM] INFO [NODE-SDK:1.0.0:398c828a-1527-42ea-b8f1-b3f3e65afc81] <Request>: validating signature 
[2026-09-14T10:09:30.024Z] [PAYTM] INFO [NODE-SDK:1.0.0:398c828a-1527-42ea-b8f1-b3f3e65afc81] <EncDecUtil>: verifyChecksumByString called()
[2026-09-14T10:09:30.024Z] [PAYTM] INFO [NODE-SDK:1.0.0:398c828a-1527-42ea-b8f1-b3f3e65afc81] <EncDecUtil>: verifyChecksumByString returns: true
[2026-09-14T10:09:30.024Z] [PAYTM] INFO [NODE-SDK:1.0.0:398c828a-1527-42ea-b8f1-b3f3e65afc81] <Request>: signature validation passed 
[2026-09-14T10:09:30.024Z] [PAYTM] INFO [NODE-SDK:1.0.0:398c828a-1527-42ea-b8f1-b3f3e65afc81] <Request>: Execution completed with raw json response: {"head":{"responseTimestamp":"1789380569885","version":"v1","signature":"3H/ERONmMoqEgo4nfERRpyMGfXTZ7tdm86wOn5Sjd6+9NHJOH1jfA1+vtzYOMV2rfumI/XeGkYUIl6tZSgzKjmcU2QZ4Q7xEzcxaNHWla4g="},"body":{"resultInfo":{"resultStatus":"S","resultCode":"0000","resultMsg":"Success"},"txnToken":"f5ca44fd7aed4b22adc9670a351fbf5b1789380569666","isPromoCodeValid":false,"authenticated":false}}
[2026-09-14T10:10:54.340Z] [PAYTM] INFO [NODE-SDK:1.0.0:fd84c21b-de25-4f5a-92a2-e5b9a02b3209] <Payment>: In createTxnToken PaymentDetail: {"channelId":"WEB","orderId":"PAYTM_3_1789380654340","txnAmount":{"currency":"INR","value":"100.00"},"userInfo":{"custId":"3"},"readTimeout":80000}
[2026-09-14T10:10:54.341Z] [PAYTM] INFO [NODE-SDK:1.0.0:fd84c21b-de25-4f5a-92a2-e5b9a02b3209] <Payment>: validatePaymentDetailsObject for object: {"channelId":"WEB","orderId":"PAYTM_3_1789380654340","txnAmount":{"currency":"INR","value":"100.00"},"userInfo":{"custId":"3"},"readTimeout":80000}
[2026-09-14T10:10:54.341Z] [PAYTM] INFO [NODE-SDK:1.0.0:fd84c21b-de25-4f5a-92a2-e5b9a02b3209] <Payment>:  validatePaymentDetailsObject returns true 
[2026-09-14T10:10:54.341Z] [PAYTM] INFO [NODE-SDK:1.0.0:fd84c21b-de25-4f5a-92a2-e5b9a02b3209] <CommonUtil>: In getSecureRequestHeader
[2026-09-14T10:10:54.341Z] [PAYTM] INFO [NODE-SDK:1.0.0:fd84c21b-de25-4f5a-92a2-e5b9a02b3209] <Payment>: InitiateTransactionRequest object {"head":{"version":"v2","channelId":"WEB","requestTimestamp":"1789380654341","signature":null},"body":{"requestType":"Payment","mid":"fjuvBp93155030651834","orderId":"PAYTM_3_1789380654340","websiteName":"WEBSTAGING","txnAmount":{"currency":"INR","value":"100.00"},"userInfo":{"custId":"3"},"callbackUrl":"https://overlaid-exact-gumball.ngrok-free.dev/api/payments/paytm/callback"}}
[2026-09-14T10:10:54.341Z] [PAYTM] INFO [NODE-SDK:1.0.0:fd84c21b-de25-4f5a-92a2-e5b9a02b3209] <EncDecUtil>: generateSignature() called
[2026-09-14T10:10:54.341Z] [PAYTM] INFO [NODE-SDK:1.0.0:fd84c21b-de25-4f5a-92a2-e5b9a02b3209] <EncDecUtil>: generateRandomString() called
[2026-09-14T10:10:54.342Z] [PAYTM] INFO [NODE-SDK:1.0.0:fd84c21b-de25-4f5a-92a2-e5b9a02b3209] <EncDecUtil>: generateSalt returns: Te9D
[2026-09-14T10:10:54.342Z] [PAYTM] INFO [NODE-SDK:1.0.0:fd84c21b-de25-4f5a-92a2-e5b9a02b3209] <EncDecUtil>: getChecksumFromString returns: AwQbBjcxEzy5SlQ9vBRVwYGPlsKS6cemju0yXi44FKVUW8QzP6ngMD+dKYId2D3S4KBz5OIu9WjZpnOA6Wzm8SjKa1bETHS2mhE8+k/10nI=
[2026-09-14T10:10:54.342Z] [PAYTM] INFO [NODE-SDK:1.0.0:fd84c21b-de25-4f5a-92a2-e5b9a02b3209] <Request>: process for request: {"head":{"version":"v2","channelId":"WEB","requestTimestamp":"1789380654341","signature":"AwQbBjcxEzy5SlQ9vBRVwYGPlsKS6cemju0yXi44FKVUW8QzP6ngMD+dKYId2D3S4KBz5OIu9WjZpnOA6Wzm8SjKa1bETHS2mhE8+k/10nI="},"body":{"requestType":"Payment","mid":"fjuvBp93155030651834","orderId":"PAYTM_3_1789380654340","websiteName":"WEBSTAGING","txnAmount":{"currency":"INR","value":"100.00"},"userInfo":{"custId":"3"},"callbackUrl":"https://overlaid-exact-gumball.ngrok-free.dev/api/payments/paytm/callback"}}
[2026-09-14T10:10:54.342Z] [PAYTM] INFO [NODE-SDK:1.0.0:fd84c21b-de25-4f5a-92a2-e5b9a02b3209] <Request>: executeCurl called 
[2026-09-14T10:10:54.342Z] [PAYTM] INFO [NODE-SDK:1.0.0:fd84c21b-de25-4f5a-92a2-e5b9a02b3209] <Request>: will make API call to: https://securestage.paytmpayments.com/theia/api/v1/initiateTransaction?mid=fjuvBp93155030651834&orderId=PAYTM_3_1789380654340
[2026-09-14T10:10:54.655Z] [PAYTM] INFO [NODE-SDK:1.0.0:fd84c21b-de25-4f5a-92a2-e5b9a02b3209] <Request>: API response received upon successful execution: {"head":{"responseTimestamp":"1789380654521","version":"v1","signature":"q82ayjRj+2ezaGATG37FQdAr3NlieLB3idMr5E+NyQlUaSxiR2c8HTGD1edUxU/VVgXubrSmB+lyPQYSbYAxNDPg60vDfkis07ED0Aw/Aqk="},"body":{"resultInfo":{"resultStatus":"S","resultCode":"0000","resultMsg":"Success"},"txnToken":"29d8bcf1a7724851a21ee0368f5461fa1789380654387","isPromoCodeValid":false,"authenticated":false}}
[2026-09-14T10:10:54.655Z] [PAYTM] INFO [NODE-SDK:1.0.0:fd84c21b-de25-4f5a-92a2-e5b9a02b3209] <Request>: Raw Response: {"head":{"responseTimestamp":"1789380654521","version":"v1","signature":"q82ayjRj+2ezaGATG37FQdAr3NlieLB3idMr5E+NyQlUaSxiR2c8HTGD1edUxU/VVgXubrSmB+lyPQYSbYAxNDPg60vDfkis07ED0Aw/Aqk="},"body":{"resultInfo":{"resultStatus":"S","resultCode":"0000","resultMsg":"Success"},"txnToken":"29d8bcf1a7724851a21ee0368f5461fa1789380654387","isPromoCodeValid":false,"authenticated":false}}
[2026-09-14T10:10:54.655Z] [PAYTM] INFO [NODE-SDK:1.0.0:fd84c21b-de25-4f5a-92a2-e5b9a02b3209] <Request>: Response Data Object: {"head":{"signature":"q82ayjRj+2ezaGATG37FQdAr3NlieLB3idMr5E+NyQlUaSxiR2c8HTGD1edUxU/VVgXubrSmB+lyPQYSbYAxNDPg60vDfkis07ED0Aw/Aqk=","responseTimestamp":"1789380654521","version":"v1"},"body":{"txnToken":"29d8bcf1a7724851a21ee0368f5461fa1789380654387","isPromoCodeValid":false,"resultInfo":{"resultStatus":"S","resultMsg":"Success","resultCode":"0000"},"extraParamsMap":{}}}
[2026-09-14T10:10:54.656Z] [PAYTM] INFO [NODE-SDK:1.0.0:fd84c21b-de25-4f5a-92a2-e5b9a02b3209] <Request>: validating signature 
[2026-09-14T10:10:54.656Z] [PAYTM] INFO [NODE-SDK:1.0.0:fd84c21b-de25-4f5a-92a2-e5b9a02b3209] <EncDecUtil>: verifyChecksumByString called()
[2026-09-14T10:10:54.656Z] [PAYTM] INFO [NODE-SDK:1.0.0:fd84c21b-de25-4f5a-92a2-e5b9a02b3209] <EncDecUtil>: verifyChecksumByString returns: true
[2026-09-14T10:10:54.656Z] [PAYTM] INFO [NODE-SDK:1.0.0:fd84c21b-de25-4f5a-92a2-e5b9a02b3209] <Request>: signature validation passed 
[2026-09-14T10:10:54.656Z] [PAYTM] INFO [NODE-SDK:1.0.0:fd84c21b-de25-4f5a-92a2-e5b9a02b3209] <Request>: Execution completed with raw json response: {"head":{"responseTimestamp":"1789380654521","version":"v1","signature":"q82ayjRj+2ezaGATG37FQdAr3NlieLB3idMr5E+NyQlUaSxiR2c8HTGD1edUxU/VVgXubrSmB+lyPQYSbYAxNDPg60vDfkis07ED0Aw/Aqk="},"body":{"resultInfo":{"resultStatus":"S","resultCode":"0000","resultMsg":"Success"},"txnToken":"29d8bcf1a7724851a21ee0368f5461fa1789380654387","isPromoCodeValid":false,"authenticated":false}}
[2026-09-14T10:11:07.028Z] [PAYTM] INFO [NODE-SDK:1.0.0:27bb085e-ad5a-4f52-b55f-d8e49730ebff] <Payment>: In createTxnToken PaymentDetail: {"channelId":"WEB","orderId":"PAYTM_3_1789380667027","txnAmount":{"currency":"INR","value":"100.00"},"userInfo":{"custId":"3"},"readTimeout":80000}
[2026-09-14T10:11:07.028Z] [PAYTM] INFO [NODE-SDK:1.0.0:27bb085e-ad5a-4f52-b55f-d8e49730ebff] <Payment>: validatePaymentDetailsObject for object: {"channelId":"WEB","orderId":"PAYTM_3_1789380667027","txnAmount":{"currency":"INR","value":"100.00"},"userInfo":{"custId":"3"},"readTimeout":80000}
[2026-09-14T10:11:07.028Z] [PAYTM] INFO [NODE-SDK:1.0.0:27bb085e-ad5a-4f52-b55f-d8e49730ebff] <Payment>:  validatePaymentDetailsObject returns true 
[2026-09-14T10:11:07.028Z] [PAYTM] INFO [NODE-SDK:1.0.0:27bb085e-ad5a-4f52-b55f-d8e49730ebff] <CommonUtil>: In getSecureRequestHeader
[2026-09-14T10:11:07.028Z] [PAYTM] INFO [NODE-SDK:1.0.0:27bb085e-ad5a-4f52-b55f-d8e49730ebff] <Payment>: InitiateTransactionRequest object {"head":{"version":"v2","channelId":"WEB","requestTimestamp":"1789380667028","signature":null},"body":{"requestType":"Payment","mid":"fjuvBp93155030651834","orderId":"PAYTM_3_1789380667027","websiteName":"WEBSTAGING","txnAmount":{"currency":"INR","value":"100.00"},"userInfo":{"custId":"3"},"callbackUrl":"https://overlaid-exact-gumball.ngrok-free.dev/api/payments/paytm/callback"}}
[2026-09-14T10:11:07.028Z] [PAYTM] INFO [NODE-SDK:1.0.0:27bb085e-ad5a-4f52-b55f-d8e49730ebff] <EncDecUtil>: generateSignature() called
[2026-09-14T10:11:07.028Z] [PAYTM] INFO [NODE-SDK:1.0.0:27bb085e-ad5a-4f52-b55f-d8e49730ebff] <EncDecUtil>: generateRandomString() called
[2026-09-14T10:11:07.048Z] [PAYTM] INFO [NODE-SDK:1.0.0:27bb085e-ad5a-4f52-b55f-d8e49730ebff] <EncDecUtil>: generateSalt returns: Gvrj
[2026-09-14T10:11:07.048Z] [PAYTM] INFO [NODE-SDK:1.0.0:27bb085e-ad5a-4f52-b55f-d8e49730ebff] <EncDecUtil>: getChecksumFromString returns: pm8/yZZI/yGsNLto/ttL68f/igEzXDuBT8yK63QJcyM+QmR/URSxO1WZWqSkfNdjEm26XQ/u+klrMhgOgfztdhQD4aTaVLyuVY0wCEcqgUs=
[2026-09-14T10:11:07.048Z] [PAYTM] INFO [NODE-SDK:1.0.0:27bb085e-ad5a-4f52-b55f-d8e49730ebff] <Request>: process for request: {"head":{"version":"v2","channelId":"WEB","requestTimestamp":"1789380667028","signature":"pm8/yZZI/yGsNLto/ttL68f/igEzXDuBT8yK63QJcyM+QmR/URSxO1WZWqSkfNdjEm26XQ/u+klrMhgOgfztdhQD4aTaVLyuVY0wCEcqgUs="},"body":{"requestType":"Payment","mid":"fjuvBp93155030651834","orderId":"PAYTM_3_1789380667027","websiteName":"WEBSTAGING","txnAmount":{"currency":"INR","value":"100.00"},"userInfo":{"custId":"3"},"callbackUrl":"https://overlaid-exact-gumball.ngrok-free.dev/api/payments/paytm/callback"}}
[2026-09-14T10:11:07.049Z] [PAYTM] INFO [NODE-SDK:1.0.0:27bb085e-ad5a-4f52-b55f-d8e49730ebff] <Request>: executeCurl called 
[2026-09-14T10:11:07.049Z] [PAYTM] INFO [NODE-SDK:1.0.0:27bb085e-ad5a-4f52-b55f-d8e49730ebff] <Request>: will make API call to: https://securestage.paytmpayments.com/theia/api/v1/initiateTransaction?mid=fjuvBp93155030651834&orderId=PAYTM_3_1789380667027
[2026-09-14T10:11:07.364Z] [PAYTM] INFO [NODE-SDK:1.0.0:27bb085e-ad5a-4f52-b55f-d8e49730ebff] <Request>: API response received upon successful execution: {"head":{"responseTimestamp":"1789380667230","version":"v1","signature":"M363+w+iP6jGL25494VuSPwV5AhHof5X30MKrXd+6R3a9weGAXUrhjJJEs/sTnmfwhn4dx+mtx9ZWh/3GtsSF7MNp3VNeCoW96yR23bmlM0="},"body":{"resultInfo":{"resultStatus":"S","resultCode":"0000","resultMsg":"Success"},"txnToken":"88d6bf9770324e75851b516674cef5c11789380667028","isPromoCodeValid":false,"authenticated":false}}
[2026-09-14T10:11:07.364Z] [PAYTM] INFO [NODE-SDK:1.0.0:27bb085e-ad5a-4f52-b55f-d8e49730ebff] <Request>: Raw Response: {"head":{"responseTimestamp":"1789380667230","version":"v1","signature":"M363+w+iP6jGL25494VuSPwV5AhHof5X30MKrXd+6R3a9weGAXUrhjJJEs/sTnmfwhn4dx+mtx9ZWh/3GtsSF7MNp3VNeCoW96yR23bmlM0="},"body":{"resultInfo":{"resultStatus":"S","resultCode":"0000","resultMsg":"Success"},"txnToken":"88d6bf9770324e75851b516674cef5c11789380667028","isPromoCodeValid":false,"authenticated":false}}
[2026-09-14T10:11:07.364Z] [PAYTM] INFO [NODE-SDK:1.0.0:27bb085e-ad5a-4f52-b55f-d8e49730ebff] <Request>: Response Data Object: {"head":{"signature":"M363+w+iP6jGL25494VuSPwV5AhHof5X30MKrXd+6R3a9weGAXUrhjJJEs/sTnmfwhn4dx+mtx9ZWh/3GtsSF7MNp3VNeCoW96yR23bmlM0=","responseTimestamp":"1789380667230","version":"v1"},"body":{"txnToken":"88d6bf9770324e75851b516674cef5c11789380667028","isPromoCodeValid":false,"resultInfo":{"resultStatus":"S","resultMsg":"Success","resultCode":"0000"},"extraParamsMap":{}}}
[2026-09-14T10:11:07.364Z] [PAYTM] INFO [NODE-SDK:1.0.0:27bb085e-ad5a-4f52-b55f-d8e49730ebff] <Request>: validating signature 
[2026-09-14T10:11:07.364Z] [PAYTM] INFO [NODE-SDK:1.0.0:27bb085e-ad5a-4f52-b55f-d8e49730ebff] <EncDecUtil>: verifyChecksumByString called()
[2026-09-14T10:11:07.364Z] [PAYTM] INFO [NODE-SDK:1.0.0:27bb085e-ad5a-4f52-b55f-d8e49730ebff] <EncDecUtil>: verifyChecksumByString returns: true
[2026-09-14T10:11:07.365Z] [PAYTM] INFO [NODE-SDK:1.0.0:27bb085e-ad5a-4f52-b55f-d8e49730ebff] <Request>: signature validation passed 
[2026-09-14T10:11:07.365Z] [PAYTM] INFO [NODE-SDK:1.0.0:27bb085e-ad5a-4f52-b55f-d8e49730ebff] <Request>: Execution completed with raw json response: {"head":{"responseTimestamp":"1789380667230","version":"v1","signature":"M363+w+iP6jGL25494VuSPwV5AhHof5X30MKrXd+6R3a9weGAXUrhjJJEs/sTnmfwhn4dx+mtx9ZWh/3GtsSF7MNp3VNeCoW96yR23bmlM0="},"body":{"resultInfo":{"resultStatus":"S","resultCode":"0000","resultMsg":"Success"},"txnToken":"88d6bf9770324e75851b516674cef5c11789380667028","isPromoCodeValid":false,"authenticated":false}}
[2026-09-14T10:12:10.876Z] [PAYTM] INFO [NODE-SDK:1.0.0:be2c4c30-08ec-42d9-a776-88367f0958b8] <Payment>: In createTxnToken PaymentDetail: {"channelId":"WEB","orderId":"PAYTM_3_1789380730876","txnAmount":{"currency":"INR","value":"100.00"},"userInfo":{"custId":"3"},"readTimeout":80000}
[2026-09-14T10:12:10.877Z] [PAYTM] INFO [NODE-SDK:1.0.0:be2c4c30-08ec-42d9-a776-88367f0958b8] <Payment>: validatePaymentDetailsObject for object: {"channelId":"WEB","orderId":"PAYTM_3_1789380730876","txnAmount":{"currency":"INR","value":"100.00"},"userInfo":{"custId":"3"},"readTimeout":80000}
[2026-09-14T10:12:10.877Z] [PAYTM] INFO [NODE-SDK:1.0.0:be2c4c30-08ec-42d9-a776-88367f0958b8] <Payment>:  validatePaymentDetailsObject returns true 
[2026-09-14T10:12:10.877Z] [PAYTM] INFO [NODE-SDK:1.0.0:be2c4c30-08ec-42d9-a776-88367f0958b8] <CommonUtil>: In getSecureRequestHeader
[2026-09-14T10:12:10.877Z] [PAYTM] INFO [NODE-SDK:1.0.0:be2c4c30-08ec-42d9-a776-88367f0958b8] <Payment>: InitiateTransactionRequest object {"head":{"version":"v2","channelId":"WEB","requestTimestamp":"1789380730877","signature":null},"body":{"requestType":"Payment","mid":"fjuvBp93155030651834","orderId":"PAYTM_3_1789380730876","websiteName":"WEBSTAGING","txnAmount":{"currency":"INR","value":"100.00"},"userInfo":{"custId":"3"},"callbackUrl":"https://overlaid-exact-gumball.ngrok-free.dev/api/payments/paytm/callback"}}
[2026-09-14T10:12:10.877Z] [PAYTM] INFO [NODE-SDK:1.0.0:be2c4c30-08ec-42d9-a776-88367f0958b8] <EncDecUtil>: generateSignature() called
[2026-09-14T10:12:10.877Z] [PAYTM] INFO [NODE-SDK:1.0.0:be2c4c30-08ec-42d9-a776-88367f0958b8] <EncDecUtil>: generateRandomString() called
[2026-09-14T10:12:10.877Z] [PAYTM] INFO [NODE-SDK:1.0.0:be2c4c30-08ec-42d9-a776-88367f0958b8] <EncDecUtil>: generateSalt returns: vkCb
[2026-09-14T10:12:10.878Z] [PAYTM] INFO [NODE-SDK:1.0.0:be2c4c30-08ec-42d9-a776-88367f0958b8] <EncDecUtil>: getChecksumFromString returns: wnzJnV/FIPIHyqAX51iF7qoPCMwql1cbxT137geDqYTyaq37TRQDtEgX8OcsWNrf5j3MKI9ahNcyyvM/5jYRqT+bmiF5B9x/gbh3F6xbO/M=
[2026-09-14T10:12:10.878Z] [PAYTM] INFO [NODE-SDK:1.0.0:be2c4c30-08ec-42d9-a776-88367f0958b8] <Request>: process for request: {"head":{"version":"v2","channelId":"WEB","requestTimestamp":"1789380730877","signature":"wnzJnV/FIPIHyqAX51iF7qoPCMwql1cbxT137geDqYTyaq37TRQDtEgX8OcsWNrf5j3MKI9ahNcyyvM/5jYRqT+bmiF5B9x/gbh3F6xbO/M="},"body":{"requestType":"Payment","mid":"fjuvBp93155030651834","orderId":"PAYTM_3_1789380730876","websiteName":"WEBSTAGING","txnAmount":{"currency":"INR","value":"100.00"},"userInfo":{"custId":"3"},"callbackUrl":"https://overlaid-exact-gumball.ngrok-free.dev/api/payments/paytm/callback"}}
[2026-09-14T10:12:10.879Z] [PAYTM] INFO [NODE-SDK:1.0.0:be2c4c30-08ec-42d9-a776-88367f0958b8] <Request>: executeCurl called 
[2026-09-14T10:12:10.879Z] [PAYTM] INFO [NODE-SDK:1.0.0:be2c4c30-08ec-42d9-a776-88367f0958b8] <Request>: will make API call to: https://securestage.paytmpayments.com/theia/api/v1/initiateTransaction?mid=fjuvBp93155030651834&orderId=PAYTM_3_1789380730876
[2026-09-14T10:12:11.199Z] [PAYTM] INFO [NODE-SDK:1.0.0:be2c4c30-08ec-42d9-a776-88367f0958b8] <Request>: API response received upon successful execution: {"head":{"responseTimestamp":"1789380731062","version":"v1","signature":"E+FcuTdkPmdi29NU++wS4HDzUMqeUUmD09kDzFmmsWsdekTGK2IAzSmir2caWqaFreC/RO1qI9XB1VMgg+2VMUpqzWnEOxz2zfo67BFveBU="},"body":{"resultInfo":{"resultStatus":"S","resultCode":"0000","resultMsg":"Success"},"txnToken":"748637f54b524d4b9ecfed8a17c989381789380730908","isPromoCodeValid":false,"authenticated":false}}
[2026-09-14T10:12:11.199Z] [PAYTM] INFO [NODE-SDK:1.0.0:be2c4c30-08ec-42d9-a776-88367f0958b8] <Request>: Raw Response: {"head":{"responseTimestamp":"1789380731062","version":"v1","signature":"E+FcuTdkPmdi29NU++wS4HDzUMqeUUmD09kDzFmmsWsdekTGK2IAzSmir2caWqaFreC/RO1qI9XB1VMgg+2VMUpqzWnEOxz2zfo67BFveBU="},"body":{"resultInfo":{"resultStatus":"S","resultCode":"0000","resultMsg":"Success"},"txnToken":"748637f54b524d4b9ecfed8a17c989381789380730908","isPromoCodeValid":false,"authenticated":false}}
[2026-09-14T10:12:11.200Z] [PAYTM] INFO [NODE-SDK:1.0.0:be2c4c30-08ec-42d9-a776-88367f0958b8] <Request>: Response Data Object: {"head":{"signature":"E+FcuTdkPmdi29NU++wS4HDzUMqeUUmD09kDzFmmsWsdekTGK2IAzSmir2caWqaFreC/RO1qI9XB1VMgg+2VMUpqzWnEOxz2zfo67BFveBU=","responseTimestamp":"1789380731062","version":"v1"},"body":{"txnToken":"748637f54b524d4b9ecfed8a17c989381789380730908","isPromoCodeValid":false,"resultInfo":{"resultStatus":"S","resultMsg":"Success","resultCode":"0000"},"extraParamsMap":{}}}
[2026-09-14T10:12:11.200Z] [PAYTM] INFO [NODE-SDK:1.0.0:be2c4c30-08ec-42d9-a776-88367f0958b8] <Request>: validating signature 
[2026-09-14T10:12:11.200Z] [PAYTM] INFO [NODE-SDK:1.0.0:be2c4c30-08ec-42d9-a776-88367f0958b8] <EncDecUtil>: verifyChecksumByString called()
[2026-09-14T10:12:11.200Z] [PAYTM] INFO [NODE-SDK:1.0.0:be2c4c30-08ec-42d9-a776-88367f0958b8] <EncDecUtil>: verifyChecksumByString returns: true
[2026-09-14T10:12:11.200Z] [PAYTM] INFO [NODE-SDK:1.0.0:be2c4c30-08ec-42d9-a776-88367f0958b8] <Request>: signature validation passed 
[2026-09-14T10:12:11.200Z] [PAYTM] INFO [NODE-SDK:1.0.0:be2c4c30-08ec-42d9-a776-88367f0958b8] <Request>: Execution completed with raw json response: {"head":{"responseTimestamp":"1789380731062","version":"v1","signature":"E+FcuTdkPmdi29NU++wS4HDzUMqeUUmD09kDzFmmsWsdekTGK2IAzSmir2caWqaFreC/RO1qI9XB1VMgg+2VMUpqzWnEOxz2zfo67BFveBU="},"body":{"resultInfo":{"resultStatus":"S","resultCode":"0000","resultMsg":"Success"},"txnToken":"748637f54b524d4b9ecfed8a17c989381789380730908","isPromoCodeValid":false,"authenticated":false}}
[2026-09-14T11:18:10.288Z] [PAYTM] INFO [NODE-SDK:1.0.0:799122ba-896d-491a-8b3b-e493bae8edb1] <Payment>: In createTxnToken PaymentDetail: {"channelId":"WEB","orderId":"PAYTM_3_1789384690244","txnAmount":{"currency":"INR","value":"100.00"},"userInfo":{"custId":"3"},"readTimeout":80000}
[2026-09-14T11:18:10.297Z] [PAYTM] INFO [NODE-SDK:1.0.0:799122ba-896d-491a-8b3b-e493bae8edb1] <Payment>: validatePaymentDetailsObject for object: {"channelId":"WEB","orderId":"PAYTM_3_1789384690244","txnAmount":{"currency":"INR","value":"100.00"},"userInfo":{"custId":"3"},"readTimeout":80000}
[2026-09-14T11:18:10.298Z] [PAYTM] INFO [NODE-SDK:1.0.0:799122ba-896d-491a-8b3b-e493bae8edb1] <Payment>:  validatePaymentDetailsObject returns true 
[2026-09-14T11:18:10.298Z] [PAYTM] INFO [NODE-SDK:1.0.0:799122ba-896d-491a-8b3b-e493bae8edb1] <CommonUtil>: In getSecureRequestHeader
[2026-09-14T11:18:10.301Z] [PAYTM] INFO [NODE-SDK:1.0.0:799122ba-896d-491a-8b3b-e493bae8edb1] <Payment>: InitiateTransactionRequest object {"head":{"version":"v2","channelId":"WEB","requestTimestamp":"1789384690298","signature":null},"body":{"requestType":"Payment","mid":"fjuvBp93155030651834","orderId":"PAYTM_3_1789384690244","websiteName":"WEBSTAGING","txnAmount":{"currency":"INR","value":"100.00"},"userInfo":{"custId":"3"},"callbackUrl":"https://overlaid-exact-gumball.ngrok-free.dev/api/payments/paytm/callback"}}
[2026-09-14T11:18:10.302Z] [PAYTM] INFO [NODE-SDK:1.0.0:799122ba-896d-491a-8b3b-e493bae8edb1] <EncDecUtil>: generateSignature() called
[2026-09-14T11:18:10.302Z] [PAYTM] INFO [NODE-SDK:1.0.0:799122ba-896d-491a-8b3b-e493bae8edb1] <EncDecUtil>: generateRandomString() called
[2026-09-14T11:18:10.305Z] [PAYTM] INFO [NODE-SDK:1.0.0:799122ba-896d-491a-8b3b-e493bae8edb1] <EncDecUtil>: generateSalt returns: qILC
[2026-09-14T11:18:10.308Z] [PAYTM] INFO [NODE-SDK:1.0.0:799122ba-896d-491a-8b3b-e493bae8edb1] <EncDecUtil>: getChecksumFromString returns: nEsWkiR/M8n2JVb/4AVCRUJxyOFi4Cyc7zCAMOYuzDf84akvDTIA+qdAoq6WLKdi8NtwPtRBugW14k7Ysuc53rQjsLqVkXIi18J/Bxl2MPo=
[2026-09-14T11:18:10.309Z] [PAYTM] INFO [NODE-SDK:1.0.0:799122ba-896d-491a-8b3b-e493bae8edb1] <Request>: process for request: {"head":{"version":"v2","channelId":"WEB","requestTimestamp":"1789384690298","signature":"nEsWkiR/M8n2JVb/4AVCRUJxyOFi4Cyc7zCAMOYuzDf84akvDTIA+qdAoq6WLKdi8NtwPtRBugW14k7Ysuc53rQjsLqVkXIi18J/Bxl2MPo="},"body":{"requestType":"Payment","mid":"fjuvBp93155030651834","orderId":"PAYTM_3_1789384690244","websiteName":"WEBSTAGING","txnAmount":{"currency":"INR","value":"100.00"},"userInfo":{"custId":"3"},"callbackUrl":"https://overlaid-exact-gumball.ngrok-free.dev/api/payments/paytm/callback"}}
[2026-09-14T11:18:10.313Z] [PAYTM] INFO [NODE-SDK:1.0.0:799122ba-896d-491a-8b3b-e493bae8edb1] <Request>: executeCurl called 
[2026-09-14T11:18:10.313Z] [PAYTM] INFO [NODE-SDK:1.0.0:799122ba-896d-491a-8b3b-e493bae8edb1] <Request>: will make API call to: https://securestage.paytmpayments.com/theia/api/v1/initiateTransaction?mid=fjuvBp93155030651834&orderId=PAYTM_3_1789384690244
[2026-09-14T11:18:11.246Z] [PAYTM] INFO [NODE-SDK:1.0.0:799122ba-896d-491a-8b3b-e493bae8edb1] <Request>: API response received upon successful execution: {"head":{"responseTimestamp":"1789384691061","version":"v1","signature":"QCBl9y4TMheCHqVKAIcGaNUBthgkbs0yZCXj52oIeD201JDUMs9t+PJY6K6WEBGqqKBuOlYz8OAnYDR9ZWFkN6xITwiczOBAmRY2JmmBCQU="},"body":{"resultInfo":{"resultStatus":"S","resultCode":"0000","resultMsg":"Success"},"txnToken":"e95bb51f687f466b90953296e74a77361789384690723","isPromoCodeValid":false,"authenticated":false}}
[2026-09-14T11:18:11.247Z] [PAYTM] INFO [NODE-SDK:1.0.0:799122ba-896d-491a-8b3b-e493bae8edb1] <Request>: Raw Response: {"head":{"responseTimestamp":"1789384691061","version":"v1","signature":"QCBl9y4TMheCHqVKAIcGaNUBthgkbs0yZCXj52oIeD201JDUMs9t+PJY6K6WEBGqqKBuOlYz8OAnYDR9ZWFkN6xITwiczOBAmRY2JmmBCQU="},"body":{"resultInfo":{"resultStatus":"S","resultCode":"0000","resultMsg":"Success"},"txnToken":"e95bb51f687f466b90953296e74a77361789384690723","isPromoCodeValid":false,"authenticated":false}}
[2026-09-14T11:18:11.250Z] [PAYTM] INFO [NODE-SDK:1.0.0:799122ba-896d-491a-8b3b-e493bae8edb1] <Request>: Response Data Object: {"head":{"signature":"QCBl9y4TMheCHqVKAIcGaNUBthgkbs0yZCXj52oIeD201JDUMs9t+PJY6K6WEBGqqKBuOlYz8OAnYDR9ZWFkN6xITwiczOBAmRY2JmmBCQU=","responseTimestamp":"1789384691061","version":"v1"},"body":{"txnToken":"e95bb51f687f466b90953296e74a77361789384690723","isPromoCodeValid":false,"resultInfo":{"resultStatus":"S","resultMsg":"Success","resultCode":"0000"},"extraParamsMap":{}}}
[2026-09-14T11:18:11.250Z] [PAYTM] INFO [NODE-SDK:1.0.0:799122ba-896d-491a-8b3b-e493bae8edb1] <Request>: validating signature 
[2026-09-14T11:18:11.250Z] [PAYTM] INFO [NODE-SDK:1.0.0:799122ba-896d-491a-8b3b-e493bae8edb1] <EncDecUtil>: verifyChecksumByString called()
[2026-09-14T11:18:11.250Z] [PAYTM] INFO [NODE-SDK:1.0.0:799122ba-896d-491a-8b3b-e493bae8edb1] <EncDecUtil>: verifyChecksumByString returns: true
[2026-09-14T11:18:11.251Z] [PAYTM] INFO [NODE-SDK:1.0.0:799122ba-896d-491a-8b3b-e493bae8edb1] <Request>: signature validation passed 
[2026-09-14T11:18:11.251Z] [PAYTM] INFO [NODE-SDK:1.0.0:799122ba-896d-491a-8b3b-e493bae8edb1] <Request>: Execution completed with raw json response: {"head":{"responseTimestamp":"1789384691061","version":"v1","signature":"QCBl9y4TMheCHqVKAIcGaNUBthgkbs0yZCXj52oIeD201JDUMs9t+PJY6K6WEBGqqKBuOlYz8OAnYDR9ZWFkN6xITwiczOBAmRY2JmmBCQU="},"body":{"resultInfo":{"resultStatus":"S","resultCode":"0000","resultMsg":"Success"},"txnToken":"e95bb51f687f466b90953296e74a77361789384690723","isPromoCodeValid":false,"authenticated":false}}
[2026-09-14T11:23:56.156Z] [PAYTM] INFO [NODE-SDK1.0.0] <MerchantProperties>: initialize called
[2026-09-14T11:23:56.160Z] [PAYTM] INFO [NODE-SDK1.0.0] <MerchantProperties>: Setting Environment for STAGE
[2026-09-14T11:24:13.280Z] [PAYTM] INFO [NODE-SDK:1.0.0:7ed6a08c-2464-47bf-8900-bbefc8290446] <Payment>: In createTxnToken PaymentDetail: {"enablePaymentMode":[{"mode":"UPI"}],"channelId":"WEB","orderId":"PAYTM_3_1789385053277","txnAmount":{"currency":"INR","value":"100.00"},"userInfo":{"custId":"3"},"readTimeout":80000}
[2026-09-14T11:24:13.281Z] [PAYTM] INFO [NODE-SDK:1.0.0:7ed6a08c-2464-47bf-8900-bbefc8290446] <Payment>: validatePaymentDetailsObject for object: {"enablePaymentMode":[{"mode":"UPI"}],"channelId":"WEB","orderId":"PAYTM_3_1789385053277","txnAmount":{"currency":"INR","value":"100.00"},"userInfo":{"custId":"3"},"readTimeout":80000}
[2026-09-14T11:24:13.281Z] [PAYTM] INFO [NODE-SDK:1.0.0:7ed6a08c-2464-47bf-8900-bbefc8290446] <Payment>:  validatePaymentDetailsObject returns true 
[2026-09-14T11:24:13.281Z] [PAYTM] INFO [NODE-SDK:1.0.0:7ed6a08c-2464-47bf-8900-bbefc8290446] <CommonUtil>: In getSecureRequestHeader
[2026-09-14T11:24:13.285Z] [PAYTM] INFO [NODE-SDK:1.0.0:7ed6a08c-2464-47bf-8900-bbefc8290446] <Payment>: InitiateTransactionRequest object {"head":{"version":"v2","channelId":"WEB","requestTimestamp":"1789385053282","signature":null},"body":{"requestType":"Payment","mid":"fjuvBp93155030651834","orderId":"PAYTM_3_1789385053277","websiteName":"WEBSTAGING","txnAmount":{"currency":"INR","value":"100.00"},"userInfo":{"custId":"3"},"enablePaymentMode":[{"mode":"UPI"}],"callbackUrl":"https://overlaid-exact-gumball.ngrok-free.dev/api/payments/paytm/callback"}}
[2026-09-14T11:24:13.285Z] [PAYTM] INFO [NODE-SDK:1.0.0:7ed6a08c-2464-47bf-8900-bbefc8290446] <EncDecUtil>: generateSignature() called
[2026-09-14T11:24:13.286Z] [PAYTM] INFO [NODE-SDK:1.0.0:7ed6a08c-2464-47bf-8900-bbefc8290446] <EncDecUtil>: generateRandomString() called
[2026-09-14T11:24:13.289Z] [PAYTM] INFO [NODE-SDK:1.0.0:7ed6a08c-2464-47bf-8900-bbefc8290446] <EncDecUtil>: generateSalt returns: ttIb
[2026-09-14T11:24:13.291Z] [PAYTM] INFO [NODE-SDK:1.0.0:7ed6a08c-2464-47bf-8900-bbefc8290446] <EncDecUtil>: getChecksumFromString returns: orBj/tnuakL/WnjuKRDftvbHPTutbyWjNriWC07RpWx2XZ/jCL54IsEUbOXtO59yrjpmrfb/Kpm5qVhvTdERVFWHRPT15F1/iMPXuOK5L4o=
[2026-09-14T11:24:13.292Z] [PAYTM] INFO [NODE-SDK:1.0.0:7ed6a08c-2464-47bf-8900-bbefc8290446] <Request>: process for request: {"head":{"version":"v2","channelId":"WEB","requestTimestamp":"1789385053282","signature":"orBj/tnuakL/WnjuKRDftvbHPTutbyWjNriWC07RpWx2XZ/jCL54IsEUbOXtO59yrjpmrfb/Kpm5qVhvTdERVFWHRPT15F1/iMPXuOK5L4o="},"body":{"requestType":"Payment","mid":"fjuvBp93155030651834","orderId":"PAYTM_3_1789385053277","websiteName":"WEBSTAGING","txnAmount":{"currency":"INR","value":"100.00"},"userInfo":{"custId":"3"},"enablePaymentMode":[{"mode":"UPI"}],"callbackUrl":"https://overlaid-exact-gumball.ngrok-free.dev/api/payments/paytm/callback"}}
[2026-09-14T11:24:13.292Z] [PAYTM] INFO [NODE-SDK:1.0.0:7ed6a08c-2464-47bf-8900-bbefc8290446] <Request>: executeCurl called 
[2026-09-14T11:24:13.293Z] [PAYTM] INFO [NODE-SDK:1.0.0:7ed6a08c-2464-47bf-8900-bbefc8290446] <Request>: will make API call to: https://securestage.paytmpayments.com/theia/api/v1/initiateTransaction?mid=fjuvBp93155030651834&orderId=PAYTM_3_1789385053277
[2026-09-14T11:24:13.742Z] [PAYTM] INFO [NODE-SDK:1.0.0:7ed6a08c-2464-47bf-8900-bbefc8290446] <Request>: API response received upon successful execution: {"head":{"responseTimestamp":"1789385053483","version":"v1","signature":"gSkqHYqF7bcOgNJ9tlEf2NVtgiSeYPaIMLfPib6j8it11paYXYvrFKDPy24/QKC7VuO2xXtt9aUkvVzkxmyMRaaP3eObEBwoi0WjunW20OE="},"body":{"resultInfo":{"resultStatus":"S","resultCode":"0000","resultMsg":"Success"},"txnToken":"08f4eabf951a42a2bb048b7b09865f031789385053336","isPromoCodeValid":false,"authenticated":false}}
[2026-09-14T11:24:13.743Z] [PAYTM] INFO [NODE-SDK:1.0.0:7ed6a08c-2464-47bf-8900-bbefc8290446] <Request>: Raw Response: {"head":{"responseTimestamp":"1789385053483","version":"v1","signature":"gSkqHYqF7bcOgNJ9tlEf2NVtgiSeYPaIMLfPib6j8it11paYXYvrFKDPy24/QKC7VuO2xXtt9aUkvVzkxmyMRaaP3eObEBwoi0WjunW20OE="},"body":{"resultInfo":{"resultStatus":"S","resultCode":"0000","resultMsg":"Success"},"txnToken":"08f4eabf951a42a2bb048b7b09865f031789385053336","isPromoCodeValid":false,"authenticated":false}}
[2026-09-14T11:24:13.747Z] [PAYTM] INFO [NODE-SDK:1.0.0:7ed6a08c-2464-47bf-8900-bbefc8290446] <Request>: Response Data Object: {"head":{"signature":"gSkqHYqF7bcOgNJ9tlEf2NVtgiSeYPaIMLfPib6j8it11paYXYvrFKDPy24/QKC7VuO2xXtt9aUkvVzkxmyMRaaP3eObEBwoi0WjunW20OE=","responseTimestamp":"1789385053483","version":"v1"},"body":{"txnToken":"08f4eabf951a42a2bb048b7b09865f031789385053336","isPromoCodeValid":false,"resultInfo":{"resultStatus":"S","resultMsg":"Success","resultCode":"0000"},"extraParamsMap":{}}}
[2026-09-14T11:24:13.747Z] [PAYTM] INFO [NODE-SDK:1.0.0:7ed6a08c-2464-47bf-8900-bbefc8290446] <Request>: validating signature 
[2026-09-14T11:24:13.747Z] [PAYTM] INFO [NODE-SDK:1.0.0:7ed6a08c-2464-47bf-8900-bbefc8290446] <EncDecUtil>: verifyChecksumByString called()
[2026-09-14T11:24:13.748Z] [PAYTM] INFO [NODE-SDK:1.0.0:7ed6a08c-2464-47bf-8900-bbefc8290446] <EncDecUtil>: verifyChecksumByString returns: true
[2026-09-14T11:24:13.748Z] [PAYTM] INFO [NODE-SDK:1.0.0:7ed6a08c-2464-47bf-8900-bbefc8290446] <Request>: signature validation passed 
[2026-09-14T11:24:13.748Z] [PAYTM] INFO [NODE-SDK:1.0.0:7ed6a08c-2464-47bf-8900-bbefc8290446] <Request>: Execution completed with raw json response: {"head":{"responseTimestamp":"1789385053483","version":"v1","signature":"gSkqHYqF7bcOgNJ9tlEf2NVtgiSeYPaIMLfPib6j8it11paYXYvrFKDPy24/QKC7VuO2xXtt9aUkvVzkxmyMRaaP3eObEBwoi0WjunW20OE="},"body":{"resultInfo":{"resultStatus":"S","resultCode":"0000","resultMsg":"Success"},"txnToken":"08f4eabf951a42a2bb048b7b09865f031789385053336","isPromoCodeValid":false,"authenticated":false}}
[2026-09-14T11:29:59.711Z] [PAYTM] INFO [NODE-SDK1.0.0] <MerchantProperties>: initialize called
[2026-09-14T11:29:59.712Z] [PAYTM] INFO [NODE-SDK1.0.0] <MerchantProperties>: Setting Environment for STAGE
[2026-09-14T11:30:12.394Z] [PAYTM] INFO [NODE-SDK:1.0.0:eb1604b8-0386-4a2d-ae5f-5e1bf553b31d] <Payment>: In createTxnToken PaymentDetail: {"channelId":"WEB","orderId":"PAYTM_3_1789385412392","txnAmount":{"currency":"INR","value":"100.00"},"userInfo":{"custId":"3"},"readTimeout":80000}
[2026-09-14T11:30:12.395Z] [PAYTM] INFO [NODE-SDK:1.0.0:eb1604b8-0386-4a2d-ae5f-5e1bf553b31d] <Payment>: validatePaymentDetailsObject for object: {"channelId":"WEB","orderId":"PAYTM_3_1789385412392","txnAmount":{"currency":"INR","value":"100.00"},"userInfo":{"custId":"3"},"readTimeout":80000}
[2026-09-14T11:30:12.395Z] [PAYTM] INFO [NODE-SDK:1.0.0:eb1604b8-0386-4a2d-ae5f-5e1bf553b31d] <Payment>:  validatePaymentDetailsObject returns true 
[2026-09-14T11:30:12.396Z] [PAYTM] INFO [NODE-SDK:1.0.0:eb1604b8-0386-4a2d-ae5f-5e1bf553b31d] <CommonUtil>: In getSecureRequestHeader
[2026-09-14T11:30:12.398Z] [PAYTM] INFO [NODE-SDK:1.0.0:eb1604b8-0386-4a2d-ae5f-5e1bf553b31d] <Payment>: InitiateTransactionRequest object {"head":{"version":"v2","channelId":"WEB","requestTimestamp":"1789385412396","signature":null},"body":{"requestType":"Payment","mid":"fjuvBp93155030651834","orderId":"PAYTM_3_1789385412392","websiteName":"WEBSTAGING","txnAmount":{"currency":"INR","value":"100.00"},"userInfo":{"custId":"3"},"callbackUrl":"https://overlaid-exact-gumball.ngrok-free.dev/api/payments/paytm/callback"}}
[2026-09-14T11:30:12.399Z] [PAYTM] INFO [NODE-SDK:1.0.0:eb1604b8-0386-4a2d-ae5f-5e1bf553b31d] <EncDecUtil>: generateSignature() called
[2026-09-14T11:30:12.400Z] [PAYTM] INFO [NODE-SDK:1.0.0:eb1604b8-0386-4a2d-ae5f-5e1bf553b31d] <EncDecUtil>: generateRandomString() called
[2026-09-14T11:30:12.402Z] [PAYTM] INFO [NODE-SDK:1.0.0:eb1604b8-0386-4a2d-ae5f-5e1bf553b31d] <EncDecUtil>: generateSalt returns: x4cw
[2026-09-14T11:30:12.405Z] [PAYTM] INFO [NODE-SDK:1.0.0:eb1604b8-0386-4a2d-ae5f-5e1bf553b31d] <EncDecUtil>: getChecksumFromString returns: 8c6oZvGFhaHlxz6vR08COPaOmBmVj0G8RSJ7ZcqQwc6KHfyxckdK52s8hFcQy7XqBAIlHFq/sXRHXmXxl/9tsGCnCXHegldzgE3ydkPmxmI=
[2026-09-14T11:30:12.406Z] [PAYTM] INFO [NODE-SDK:1.0.0:eb1604b8-0386-4a2d-ae5f-5e1bf553b31d] <Request>: process for request: {"head":{"version":"v2","channelId":"WEB","requestTimestamp":"1789385412396","signature":"8c6oZvGFhaHlxz6vR08COPaOmBmVj0G8RSJ7ZcqQwc6KHfyxckdK52s8hFcQy7XqBAIlHFq/sXRHXmXxl/9tsGCnCXHegldzgE3ydkPmxmI="},"body":{"requestType":"Payment","mid":"fjuvBp93155030651834","orderId":"PAYTM_3_1789385412392","websiteName":"WEBSTAGING","txnAmount":{"currency":"INR","value":"100.00"},"userInfo":{"custId":"3"},"callbackUrl":"https://overlaid-exact-gumball.ngrok-free.dev/api/payments/paytm/callback"}}
[2026-09-14T11:30:12.406Z] [PAYTM] INFO [NODE-SDK:1.0.0:eb1604b8-0386-4a2d-ae5f-5e1bf553b31d] <Request>: executeCurl called 
[2026-09-14T11:30:12.406Z] [PAYTM] INFO [NODE-SDK:1.0.0:eb1604b8-0386-4a2d-ae5f-5e1bf553b31d] <Request>: will make API call to: https://securestage.paytmpayments.com/theia/api/v1/initiateTransaction?mid=fjuvBp93155030651834&orderId=PAYTM_3_1789385412392
[2026-09-14T11:30:12.819Z] [PAYTM] INFO [NODE-SDK:1.0.0:eb1604b8-0386-4a2d-ae5f-5e1bf553b31d] <Request>: API response received upon successful execution: {"head":{"responseTimestamp":"1789385412649","version":"v1","signature":"Si/fL9vDb+YjCbAsoB0aSDAKwcZQQE6ePsjXKR8vTbO3anxJZWQwM5zitTSl6rJmqvUZXfnMCEQsq5nAxWBE7dOcbrov/CANvEpR1WKTwM4="},"body":{"resultInfo":{"resultStatus":"S","resultCode":"0000","resultMsg":"Success"},"txnToken":"d86ec05db57247d1a7acbd042f3384891789385412449","isPromoCodeValid":false,"authenticated":false}}
[2026-09-14T11:30:12.821Z] [PAYTM] INFO [NODE-SDK:1.0.0:eb1604b8-0386-4a2d-ae5f-5e1bf553b31d] <Request>: Raw Response: {"head":{"responseTimestamp":"1789385412649","version":"v1","signature":"Si/fL9vDb+YjCbAsoB0aSDAKwcZQQE6ePsjXKR8vTbO3anxJZWQwM5zitTSl6rJmqvUZXfnMCEQsq5nAxWBE7dOcbrov/CANvEpR1WKTwM4="},"body":{"resultInfo":{"resultStatus":"S","resultCode":"0000","resultMsg":"Success"},"txnToken":"d86ec05db57247d1a7acbd042f3384891789385412449","isPromoCodeValid":false,"authenticated":false}}
[2026-09-14T11:30:12.822Z] [PAYTM] INFO [NODE-SDK:1.0.0:eb1604b8-0386-4a2d-ae5f-5e1bf553b31d] <Request>: Response Data Object: {"head":{"signature":"Si/fL9vDb+YjCbAsoB0aSDAKwcZQQE6ePsjXKR8vTbO3anxJZWQwM5zitTSl6rJmqvUZXfnMCEQsq5nAxWBE7dOcbrov/CANvEpR1WKTwM4=","responseTimestamp":"1789385412649","version":"v1"},"body":{"txnToken":"d86ec05db57247d1a7acbd042f3384891789385412449","isPromoCodeValid":false,"resultInfo":{"resultStatus":"S","resultMsg":"Success","resultCode":"0000"},"extraParamsMap":{}}}
[2026-09-14T11:30:12.823Z] [PAYTM] INFO [NODE-SDK:1.0.0:eb1604b8-0386-4a2d-ae5f-5e1bf553b31d] <Request>: validating signature 
[2026-09-14T11:30:12.823Z] [PAYTM] INFO [NODE-SDK:1.0.0:eb1604b8-0386-4a2d-ae5f-5e1bf553b31d] <EncDecUtil>: verifyChecksumByString called()
[2026-09-14T11:30:12.823Z] [PAYTM] INFO [NODE-SDK:1.0.0:eb1604b8-0386-4a2d-ae5f-5e1bf553b31d] <EncDecUtil>: verifyChecksumByString returns: true
[2026-09-14T11:30:12.823Z] [PAYTM] INFO [NODE-SDK:1.0.0:eb1604b8-0386-4a2d-ae5f-5e1bf553b31d] <Request>: signature validation passed 
[2026-09-14T11:30:12.823Z] [PAYTM] INFO [NODE-SDK:1.0.0:eb1604b8-0386-4a2d-ae5f-5e1bf553b31d] <Request>: Execution completed with raw json response: {"head":{"responseTimestamp":"1789385412649","version":"v1","signature":"Si/fL9vDb+YjCbAsoB0aSDAKwcZQQE6ePsjXKR8vTbO3anxJZWQwM5zitTSl6rJmqvUZXfnMCEQsq5nAxWBE7dOcbrov/CANvEpR1WKTwM4="},"body":{"resultInfo":{"resultStatus":"S","resultCode":"0000","resultMsg":"Success"},"txnToken":"d86ec05db57247d1a7acbd042f3384891789385412449","isPromoCodeValid":false,"authenticated":false}}
[2026-09-14T11:32:52.995Z] [PAYTM] INFO [NODE-SDK1.0.0] <MerchantProperties>: initialize called
[2026-09-14T11:32:52.996Z] [PAYTM] INFO [NODE-SDK1.0.0] <MerchantProperties>: Setting Environment for STAGE
[2026-09-14T11:33:03.482Z] [PAYTM] INFO [NODE-SDK:1.0.0:4649836a-9c22-4bb2-b3e7-601a698386e1] <Payment>: In createTxnToken PaymentDetail: {"channelId":"WEB","orderId":"PAYTM_3_1789385583479","txnAmount":{"currency":"INR","value":"100.00"},"userInfo":{"custId":"3"},"readTimeout":80000}
[2026-09-14T11:33:03.482Z] [PAYTM] INFO [NODE-SDK:1.0.0:4649836a-9c22-4bb2-b3e7-601a698386e1] <Payment>: validatePaymentDetailsObject for object: {"channelId":"WEB","orderId":"PAYTM_3_1789385583479","txnAmount":{"currency":"INR","value":"100.00"},"userInfo":{"custId":"3"},"readTimeout":80000}
[2026-09-14T11:33:03.483Z] [PAYTM] INFO [NODE-SDK:1.0.0:4649836a-9c22-4bb2-b3e7-601a698386e1] <Payment>:  validatePaymentDetailsObject returns true 
[2026-09-14T11:33:03.483Z] [PAYTM] INFO [NODE-SDK:1.0.0:4649836a-9c22-4bb2-b3e7-601a698386e1] <CommonUtil>: In getSecureRequestHeader
[2026-09-14T11:33:03.485Z] [PAYTM] INFO [NODE-SDK:1.0.0:4649836a-9c22-4bb2-b3e7-601a698386e1] <Payment>: InitiateTransactionRequest object {"head":{"version":"v2","channelId":"WEB","requestTimestamp":"1789385583484","signature":null},"body":{"requestType":"Payment","mid":"fjuvBp93155030651834","orderId":"PAYTM_3_1789385583479","websiteName":"WEBSTAGING","txnAmount":{"currency":"INR","value":"100.00"},"userInfo":{"custId":"3"},"callbackUrl":"https://overlaid-exact-gumball.ngrok-free.dev/api/payments/paytm/callback"}}
[2026-09-14T11:33:03.486Z] [PAYTM] INFO [NODE-SDK:1.0.0:4649836a-9c22-4bb2-b3e7-601a698386e1] <EncDecUtil>: generateSignature() called
[2026-09-14T11:33:03.486Z] [PAYTM] INFO [NODE-SDK:1.0.0:4649836a-9c22-4bb2-b3e7-601a698386e1] <EncDecUtil>: generateRandomString() called
[2026-09-14T11:33:03.488Z] [PAYTM] INFO [NODE-SDK:1.0.0:4649836a-9c22-4bb2-b3e7-601a698386e1] <EncDecUtil>: generateSalt returns: imkR
[2026-09-14T11:33:03.489Z] [PAYTM] INFO [NODE-SDK:1.0.0:4649836a-9c22-4bb2-b3e7-601a698386e1] <EncDecUtil>: getChecksumFromString returns: SDqfl7+foGfe0jdDAwtq3DHd7U79XMRtU8XXSxvbAxlr0BQgXl/pL6E4DwIvObBk1JE/SLpgPEKj9bA4HrsvPerwilPd8foMUutUY4u1vgM=
[2026-09-14T11:33:03.490Z] [PAYTM] INFO [NODE-SDK:1.0.0:4649836a-9c22-4bb2-b3e7-601a698386e1] <Request>: process for request: {"head":{"version":"v2","channelId":"WEB","requestTimestamp":"1789385583484","signature":"SDqfl7+foGfe0jdDAwtq3DHd7U79XMRtU8XXSxvbAxlr0BQgXl/pL6E4DwIvObBk1JE/SLpgPEKj9bA4HrsvPerwilPd8foMUutUY4u1vgM="},"body":{"requestType":"Payment","mid":"fjuvBp93155030651834","orderId":"PAYTM_3_1789385583479","websiteName":"WEBSTAGING","txnAmount":{"currency":"INR","value":"100.00"},"userInfo":{"custId":"3"},"callbackUrl":"https://overlaid-exact-gumball.ngrok-free.dev/api/payments/paytm/callback"}}
[2026-09-14T11:33:03.490Z] [PAYTM] INFO [NODE-SDK:1.0.0:4649836a-9c22-4bb2-b3e7-601a698386e1] <Request>: executeCurl called 
[2026-09-14T11:33:03.491Z] [PAYTM] INFO [NODE-SDK:1.0.0:4649836a-9c22-4bb2-b3e7-601a698386e1] <Request>: will make API call to: https://securestage.paytmpayments.com/theia/api/v1/initiateTransaction?mid=fjuvBp93155030651834&orderId=PAYTM_3_1789385583479
[2026-09-14T11:33:03.809Z] [PAYTM] INFO [NODE-SDK:1.0.0:4649836a-9c22-4bb2-b3e7-601a698386e1] <Request>: API response received upon successful execution: {"head":{"responseTimestamp":"1789385583625","version":"v1","signature":"+ELN0OVl67c522QNSymHAsVVraR2RaTs/3QuCHVfoDlpJWAIO46f8UmTHs2SbNFyWHfQKflf0WHzNf8CgGDepUWi83AJ48ihIUrv1glTNnk="},"body":{"resultInfo":{"resultStatus":"S","resultCode":"0000","resultMsg":"Success"},"txnToken":"0c9186cc1cf447f79b5795be72f37e771789385583490","isPromoCodeValid":false,"authenticated":false}}
[2026-09-14T11:33:03.814Z] [PAYTM] INFO [NODE-SDK:1.0.0:4649836a-9c22-4bb2-b3e7-601a698386e1] <Request>: Raw Response: {"head":{"responseTimestamp":"1789385583625","version":"v1","signature":"+ELN0OVl67c522QNSymHAsVVraR2RaTs/3QuCHVfoDlpJWAIO46f8UmTHs2SbNFyWHfQKflf0WHzNf8CgGDepUWi83AJ48ihIUrv1glTNnk="},"body":{"resultInfo":{"resultStatus":"S","resultCode":"0000","resultMsg":"Success"},"txnToken":"0c9186cc1cf447f79b5795be72f37e771789385583490","isPromoCodeValid":false,"authenticated":false}}
[2026-09-14T11:33:03.815Z] [PAYTM] INFO [NODE-SDK:1.0.0:4649836a-9c22-4bb2-b3e7-601a698386e1] <Request>: Response Data Object: {"head":{"signature":"+ELN0OVl67c522QNSymHAsVVraR2RaTs/3QuCHVfoDlpJWAIO46f8UmTHs2SbNFyWHfQKflf0WHzNf8CgGDepUWi83AJ48ihIUrv1glTNnk=","responseTimestamp":"1789385583625","version":"v1"},"body":{"txnToken":"0c9186cc1cf447f79b5795be72f37e771789385583490","isPromoCodeValid":false,"resultInfo":{"resultStatus":"S","resultMsg":"Success","resultCode":"0000"},"extraParamsMap":{}}}
[2026-09-14T11:33:03.816Z] [PAYTM] INFO [NODE-SDK:1.0.0:4649836a-9c22-4bb2-b3e7-601a698386e1] <Request>: validating signature 
[2026-09-14T11:33:03.816Z] [PAYTM] INFO [NODE-SDK:1.0.0:4649836a-9c22-4bb2-b3e7-601a698386e1] <EncDecUtil>: verifyChecksumByString called()
[2026-09-14T11:33:03.817Z] [PAYTM] INFO [NODE-SDK:1.0.0:4649836a-9c22-4bb2-b3e7-601a698386e1] <EncDecUtil>: verifyChecksumByString returns: true
[2026-09-14T11:33:03.817Z] [PAYTM] INFO [NODE-SDK:1.0.0:4649836a-9c22-4bb2-b3e7-601a698386e1] <Request>: signature validation passed 
[2026-09-14T11:33:03.817Z] [PAYTM] INFO [NODE-SDK:1.0.0:4649836a-9c22-4bb2-b3e7-601a698386e1] <Request>: Execution completed with raw json response: {"head":{"responseTimestamp":"1789385583625","version":"v1","signature":"+ELN0OVl67c522QNSymHAsVVraR2RaTs/3QuCHVfoDlpJWAIO46f8UmTHs2SbNFyWHfQKflf0WHzNf8CgGDepUWi83AJ48ihIUrv1glTNnk="},"body":{"resultInfo":{"resultStatus":"S","resultCode":"0000","resultMsg":"Success"},"txnToken":"0c9186cc1cf447f79b5795be72f37e771789385583490","isPromoCodeValid":false,"authenticated":false}}
[2026-09-14T17:36:39.340Z] [PAYTM] INFO [NODE-SDK:1.0.0:4478df63-f861-4fcb-9adb-a0bfc9e6aeda] <Payment>: In createTxnToken PaymentDetail: {"channelId":"WEB","orderId":"PAYTM_3_1789407399279","txnAmount":{"currency":"INR","value":"100.00"},"userInfo":{"custId":"3"},"readTimeout":80000}
[2026-09-14T17:36:39.355Z] [PAYTM] INFO [NODE-SDK:1.0.0:4478df63-f861-4fcb-9adb-a0bfc9e6aeda] <Payment>: validatePaymentDetailsObject for object: {"channelId":"WEB","orderId":"PAYTM_3_1789407399279","txnAmount":{"currency":"INR","value":"100.00"},"userInfo":{"custId":"3"},"readTimeout":80000}
[2026-09-14T17:36:39.356Z] [PAYTM] INFO [NODE-SDK:1.0.0:4478df63-f861-4fcb-9adb-a0bfc9e6aeda] <Payment>:  validatePaymentDetailsObject returns true 
[2026-09-14T17:36:39.356Z] [PAYTM] INFO [NODE-SDK:1.0.0:4478df63-f861-4fcb-9adb-a0bfc9e6aeda] <CommonUtil>: In getSecureRequestHeader
[2026-09-14T17:36:39.362Z] [PAYTM] INFO [NODE-SDK:1.0.0:4478df63-f861-4fcb-9adb-a0bfc9e6aeda] <Payment>: InitiateTransactionRequest object {"head":{"version":"v2","channelId":"WEB","requestTimestamp":"1789407399356","signature":null},"body":{"requestType":"Payment","mid":"fjuvBp93155030651834","orderId":"PAYTM_3_1789407399279","websiteName":"WEBSTAGING","txnAmount":{"currency":"INR","value":"100.00"},"userInfo":{"custId":"3"},"callbackUrl":"https://overlaid-exact-gumball.ngrok-free.dev/api/payments/paytm/callback"}}
[2026-09-14T17:36:39.364Z] [PAYTM] INFO [NODE-SDK:1.0.0:4478df63-f861-4fcb-9adb-a0bfc9e6aeda] <EncDecUtil>: generateSignature() called
[2026-09-14T17:36:39.364Z] [PAYTM] INFO [NODE-SDK:1.0.0:4478df63-f861-4fcb-9adb-a0bfc9e6aeda] <EncDecUtil>: generateRandomString() called
[2026-09-14T17:36:39.371Z] [PAYTM] INFO [NODE-SDK:1.0.0:4478df63-f861-4fcb-9adb-a0bfc9e6aeda] <EncDecUtil>: generateSalt returns: CdKX
[2026-09-14T17:36:39.383Z] [PAYTM] INFO [NODE-SDK:1.0.0:4478df63-f861-4fcb-9adb-a0bfc9e6aeda] <EncDecUtil>: getChecksumFromString returns: 86Cfp6aTdo4pGtuoIhiR2xlB8RG5AsAKNxzZagJ28v6mkwdCp4bHT3xroQowqF/yR8LZsIotcbYSwTeyXmD8omqxk+X8JcArTN58XmMNZT8=
[2026-09-14T17:36:39.387Z] [PAYTM] INFO [NODE-SDK:1.0.0:4478df63-f861-4fcb-9adb-a0bfc9e6aeda] <Request>: process for request: {"head":{"version":"v2","channelId":"WEB","requestTimestamp":"1789407399356","signature":"86Cfp6aTdo4pGtuoIhiR2xlB8RG5AsAKNxzZagJ28v6mkwdCp4bHT3xroQowqF/yR8LZsIotcbYSwTeyXmD8omqxk+X8JcArTN58XmMNZT8="},"body":{"requestType":"Payment","mid":"fjuvBp93155030651834","orderId":"PAYTM_3_1789407399279","websiteName":"WEBSTAGING","txnAmount":{"currency":"INR","value":"100.00"},"userInfo":{"custId":"3"},"callbackUrl":"https://overlaid-exact-gumball.ngrok-free.dev/api/payments/paytm/callback"}}
[2026-09-14T17:36:39.388Z] [PAYTM] INFO [NODE-SDK:1.0.0:4478df63-f861-4fcb-9adb-a0bfc9e6aeda] <Request>: executeCurl called 
[2026-09-14T17:36:39.390Z] [PAYTM] INFO [NODE-SDK:1.0.0:4478df63-f861-4fcb-9adb-a0bfc9e6aeda] <Request>: will make API call to: https://securestage.paytmpayments.com/theia/api/v1/initiateTransaction?mid=fjuvBp93155030651834&orderId=PAYTM_3_1789407399279
[2026-09-14T17:36:40.785Z] [PAYTM] INFO [NODE-SDK:1.0.0:4478df63-f861-4fcb-9adb-a0bfc9e6aeda] <Request>: API response received upon successful execution: {"head":{"responseTimestamp":"1789407401063","version":"v1","signature":"qVQlOsysFSS7+Li9K1/iAQphJVQeSA/7Tc3+WI5jP2UtqUoV/7YNBFhpsxmmU9LfJsDRju13XiYueZVItjRov2AaGdlJUir9Wat1bv7YUjQ="},"body":{"resultInfo":{"resultStatus":"S","resultCode":"0000","resultMsg":"Success"},"txnToken":"9b7782942c3d4dbd8111d7f03df279a41789407400364","isPromoCodeValid":false,"authenticated":false}}
[2026-09-14T17:36:40.788Z] [PAYTM] INFO [NODE-SDK:1.0.0:4478df63-f861-4fcb-9adb-a0bfc9e6aeda] <Request>: Raw Response: {"head":{"responseTimestamp":"1789407401063","version":"v1","signature":"qVQlOsysFSS7+Li9K1/iAQphJVQeSA/7Tc3+WI5jP2UtqUoV/7YNBFhpsxmmU9LfJsDRju13XiYueZVItjRov2AaGdlJUir9Wat1bv7YUjQ="},"body":{"resultInfo":{"resultStatus":"S","resultCode":"0000","resultMsg":"Success"},"txnToken":"9b7782942c3d4dbd8111d7f03df279a41789407400364","isPromoCodeValid":false,"authenticated":false}}
[2026-09-14T17:36:40.791Z] [PAYTM] INFO [NODE-SDK:1.0.0:4478df63-f861-4fcb-9adb-a0bfc9e6aeda] <Request>: Response Data Object: {"head":{"signature":"qVQlOsysFSS7+Li9K1/iAQphJVQeSA/7Tc3+WI5jP2UtqUoV/7YNBFhpsxmmU9LfJsDRju13XiYueZVItjRov2AaGdlJUir9Wat1bv7YUjQ=","responseTimestamp":"1789407401063","version":"v1"},"body":{"txnToken":"9b7782942c3d4dbd8111d7f03df279a41789407400364","isPromoCodeValid":false,"resultInfo":{"resultStatus":"S","resultMsg":"Success","resultCode":"0000"},"extraParamsMap":{}}}
[2026-09-14T17:36:40.791Z] [PAYTM] INFO [NODE-SDK:1.0.0:4478df63-f861-4fcb-9adb-a0bfc9e6aeda] <Request>: validating signature 
[2026-09-14T17:36:40.791Z] [PAYTM] INFO [NODE-SDK:1.0.0:4478df63-f861-4fcb-9adb-a0bfc9e6aeda] <EncDecUtil>: verifyChecksumByString called()
[2026-09-14T17:36:40.792Z] [PAYTM] INFO [NODE-SDK:1.0.0:4478df63-f861-4fcb-9adb-a0bfc9e6aeda] <EncDecUtil>: verifyChecksumByString returns: true
[2026-09-14T17:36:40.792Z] [PAYTM] INFO [NODE-SDK:1.0.0:4478df63-f861-4fcb-9adb-a0bfc9e6aeda] <Request>: signature validation passed 
[2026-09-14T17:36:40.792Z] [PAYTM] INFO [NODE-SDK:1.0.0:4478df63-f861-4fcb-9adb-a0bfc9e6aeda] <Request>: Execution completed with raw json response: {"head":{"responseTimestamp":"1789407401063","version":"v1","signature":"qVQlOsysFSS7+Li9K1/iAQphJVQeSA/7Tc3+WI5jP2UtqUoV/7YNBFhpsxmmU9LfJsDRju13XiYueZVItjRov2AaGdlJUir9Wat1bv7YUjQ="},"body":{"resultInfo":{"resultStatus":"S","resultCode":"0000","resultMsg":"Success"},"txnToken":"9b7782942c3d4dbd8111d7f03df279a41789407400364","isPromoCodeValid":false,"authenticated":false}}
[2026-09-14T17:37:55.453Z] [PAYTM] INFO [NODE-SDK1.0.0] <MerchantProperties>: initialize called
[2026-09-14T17:37:55.458Z] [PAYTM] INFO [NODE-SDK1.0.0] <MerchantProperties>: Setting Environment for STAGE
[2026-09-14T18:11:37.236Z] [PAYTM] INFO [NODE-SDK:1.0.0:5658f32d-d708-43af-9be3-7a76e20356c9] <Payment>: In createTxnToken PaymentDetail: {"channelId":"WEB","orderId":"PAYTM_3_1789409497220","txnAmount":{"currency":"INR","value":"100.00"},"userInfo":{"custId":"3"},"readTimeout":80000}
[2026-09-14T18:11:37.239Z] [PAYTM] INFO [NODE-SDK:1.0.0:5658f32d-d708-43af-9be3-7a76e20356c9] <Payment>: validatePaymentDetailsObject for object: {"channelId":"WEB","orderId":"PAYTM_3_1789409497220","txnAmount":{"currency":"INR","value":"100.00"},"userInfo":{"custId":"3"},"readTimeout":80000}
[2026-09-14T18:11:37.239Z] [PAYTM] INFO [NODE-SDK:1.0.0:5658f32d-d708-43af-9be3-7a76e20356c9] <Payment>:  validatePaymentDetailsObject returns true 
[2026-09-14T18:11:37.239Z] [PAYTM] INFO [NODE-SDK:1.0.0:5658f32d-d708-43af-9be3-7a76e20356c9] <CommonUtil>: In getSecureRequestHeader
[2026-09-14T18:11:37.242Z] [PAYTM] INFO [NODE-SDK:1.0.0:5658f32d-d708-43af-9be3-7a76e20356c9] <Payment>: InitiateTransactionRequest object {"head":{"version":"v2","channelId":"WEB","requestTimestamp":"1789409497240","signature":null},"body":{"requestType":"Payment","mid":"fjuvBp93155030651834","orderId":"PAYTM_3_1789409497220","websiteName":"WEBSTAGING","txnAmount":{"currency":"INR","value":"100.00"},"userInfo":{"custId":"3"},"callbackUrl":"https://overlaid-exact-gumball.ngrok-free.dev/api/payments/paytm/callback"}}
[2026-09-14T18:11:37.243Z] [PAYTM] INFO [NODE-SDK:1.0.0:5658f32d-d708-43af-9be3-7a76e20356c9] <EncDecUtil>: generateSignature() called
[2026-09-14T18:11:37.243Z] [PAYTM] INFO [NODE-SDK:1.0.0:5658f32d-d708-43af-9be3-7a76e20356c9] <EncDecUtil>: generateRandomString() called
[2026-09-14T18:11:37.246Z] [PAYTM] INFO [NODE-SDK:1.0.0:5658f32d-d708-43af-9be3-7a76e20356c9] <EncDecUtil>: generateSalt returns: 2ZJH
[2026-09-14T18:11:37.249Z] [PAYTM] INFO [NODE-SDK:1.0.0:5658f32d-d708-43af-9be3-7a76e20356c9] <EncDecUtil>: getChecksumFromString returns: PUz08UPZAQiCNJ9w66f8Wsma+HIGm9rkQCw+qwPEFzM0gG5G6smXJ8VY2pfMnpIhH4FobA6evIHsBx07K1Cng13osBBTJ9kOuAR2h2NMyAI=
[2026-09-14T18:11:37.249Z] [PAYTM] INFO [NODE-SDK:1.0.0:5658f32d-d708-43af-9be3-7a76e20356c9] <Request>: process for request: {"head":{"version":"v2","channelId":"WEB","requestTimestamp":"1789409497240","signature":"PUz08UPZAQiCNJ9w66f8Wsma+HIGm9rkQCw+qwPEFzM0gG5G6smXJ8VY2pfMnpIhH4FobA6evIHsBx07K1Cng13osBBTJ9kOuAR2h2NMyAI="},"body":{"requestType":"Payment","mid":"fjuvBp93155030651834","orderId":"PAYTM_3_1789409497220","websiteName":"WEBSTAGING","txnAmount":{"currency":"INR","value":"100.00"},"userInfo":{"custId":"3"},"callbackUrl":"https://overlaid-exact-gumball.ngrok-free.dev/api/payments/paytm/callback"}}
[2026-09-14T18:11:37.250Z] [PAYTM] INFO [NODE-SDK:1.0.0:5658f32d-d708-43af-9be3-7a76e20356c9] <Request>: executeCurl called 
[2026-09-14T18:11:37.250Z] [PAYTM] INFO [NODE-SDK:1.0.0:5658f32d-d708-43af-9be3-7a76e20356c9] <Request>: will make API call to: https://securestage.paytmpayments.com/theia/api/v1/initiateTransaction?mid=fjuvBp93155030651834&orderId=PAYTM_3_1789409497220
[2026-09-14T18:11:37.917Z] [PAYTM] INFO [NODE-SDK:1.0.0:5658f32d-d708-43af-9be3-7a76e20356c9] <Request>: API response received upon successful execution: {"head":{"responseTimestamp":"1789409498181","version":"v1","signature":"sfO7eYbCA3FRZfkeCeuhvHXt+1fCTsBy9w9N3X+weyuNXlpM+RzgFN2INXldOkDq0ILY1F7Uo2qa5KLiIX+lqS/JYz6K5RKWoWQfNW7iLDk="},"body":{"resultInfo":{"resultStatus":"S","resultCode":"0000","resultMsg":"Success"},"txnToken":"eb0dd890fa5e4d17af992d5a31b258f41789409497922","isPromoCodeValid":false,"authenticated":false}}
[2026-09-14T18:11:37.918Z] [PAYTM] INFO [NODE-SDK:1.0.0:5658f32d-d708-43af-9be3-7a76e20356c9] <Request>: Raw Response: {"head":{"responseTimestamp":"1789409498181","version":"v1","signature":"sfO7eYbCA3FRZfkeCeuhvHXt+1fCTsBy9w9N3X+weyuNXlpM+RzgFN2INXldOkDq0ILY1F7Uo2qa5KLiIX+lqS/JYz6K5RKWoWQfNW7iLDk="},"body":{"resultInfo":{"resultStatus":"S","resultCode":"0000","resultMsg":"Success"},"txnToken":"eb0dd890fa5e4d17af992d5a31b258f41789409497922","isPromoCodeValid":false,"authenticated":false}}
[2026-09-14T18:11:37.921Z] [PAYTM] INFO [NODE-SDK:1.0.0:5658f32d-d708-43af-9be3-7a76e20356c9] <Request>: Response Data Object: {"head":{"signature":"sfO7eYbCA3FRZfkeCeuhvHXt+1fCTsBy9w9N3X+weyuNXlpM+RzgFN2INXldOkDq0ILY1F7Uo2qa5KLiIX+lqS/JYz6K5RKWoWQfNW7iLDk=","responseTimestamp":"1789409498181","version":"v1"},"body":{"txnToken":"eb0dd890fa5e4d17af992d5a31b258f41789409497922","isPromoCodeValid":false,"resultInfo":{"resultStatus":"S","resultMsg":"Success","resultCode":"0000"},"extraParamsMap":{}}}
[2026-09-14T18:11:37.921Z] [PAYTM] INFO [NODE-SDK:1.0.0:5658f32d-d708-43af-9be3-7a76e20356c9] <Request>: validating signature 
[2026-09-14T18:11:37.921Z] [PAYTM] INFO [NODE-SDK:1.0.0:5658f32d-d708-43af-9be3-7a76e20356c9] <EncDecUtil>: verifyChecksumByString called()
[2026-09-14T18:11:37.923Z] [PAYTM] INFO [NODE-SDK:1.0.0:5658f32d-d708-43af-9be3-7a76e20356c9] <EncDecUtil>: verifyChecksumByString returns: true
[2026-09-14T18:11:37.923Z] [PAYTM] INFO [NODE-SDK:1.0.0:5658f32d-d708-43af-9be3-7a76e20356c9] <Request>: signature validation passed 
[2026-09-14T18:11:37.923Z] [PAYTM] INFO [NODE-SDK:1.0.0:5658f32d-d708-43af-9be3-7a76e20356c9] <Request>: Execution completed with raw json response: {"head":{"responseTimestamp":"1789409498181","version":"v1","signature":"sfO7eYbCA3FRZfkeCeuhvHXt+1fCTsBy9w9N3X+weyuNXlpM+RzgFN2INXldOkDq0ILY1F7Uo2qa5KLiIX+lqS/JYz6K5RKWoWQfNW7iLDk="},"body":{"resultInfo":{"resultStatus":"S","resultCode":"0000","resultMsg":"Success"},"txnToken":"eb0dd890fa5e4d17af992d5a31b258f41789409497922","isPromoCodeValid":false,"authenticated":false}}
[2026-09-14T18:35:15.411Z] [PAYTM] INFO [NODE-SDK:1.0.0:0abe7816-7cda-4711-a772-5af5f849ffa6] <Payment>: In createTxnToken PaymentDetail: {"channelId":"WEB","orderId":"PAYTM_3_1789410915410","txnAmount":{"currency":"INR","value":"500.00"},"userInfo":{"custId":"3"},"readTimeout":80000}
[2026-09-14T18:35:15.412Z] [PAYTM] INFO [NODE-SDK:1.0.0:0abe7816-7cda-4711-a772-5af5f849ffa6] <Payment>: validatePaymentDetailsObject for object: {"channelId":"WEB","orderId":"PAYTM_3_1789410915410","txnAmount":{"currency":"INR","value":"500.00"},"userInfo":{"custId":"3"},"readTimeout":80000}
[2026-09-14T18:35:15.412Z] [PAYTM] INFO [NODE-SDK:1.0.0:0abe7816-7cda-4711-a772-5af5f849ffa6] <Payment>:  validatePaymentDetailsObject returns true 
[2026-09-14T18:35:15.412Z] [PAYTM] INFO [NODE-SDK:1.0.0:0abe7816-7cda-4711-a772-5af5f849ffa6] <CommonUtil>: In getSecureRequestHeader
[2026-09-14T18:35:15.412Z] [PAYTM] INFO [NODE-SDK:1.0.0:0abe7816-7cda-4711-a772-5af5f849ffa6] <Payment>: InitiateTransactionRequest object {"head":{"version":"v2","channelId":"WEB","requestTimestamp":"1789410915412","signature":null},"body":{"requestType":"Payment","mid":"fjuvBp93155030651834","orderId":"PAYTM_3_1789410915410","websiteName":"WEBSTAGING","txnAmount":{"currency":"INR","value":"500.00"},"userInfo":{"custId":"3"},"callbackUrl":"https://overlaid-exact-gumball.ngrok-free.dev/api/payments/paytm/callback"}}
[2026-09-14T18:35:15.412Z] [PAYTM] INFO [NODE-SDK:1.0.0:0abe7816-7cda-4711-a772-5af5f849ffa6] <EncDecUtil>: generateSignature() called
[2026-09-14T18:35:15.412Z] [PAYTM] INFO [NODE-SDK:1.0.0:0abe7816-7cda-4711-a772-5af5f849ffa6] <EncDecUtil>: generateRandomString() called
[2026-09-14T18:35:15.413Z] [PAYTM] INFO [NODE-SDK:1.0.0:0abe7816-7cda-4711-a772-5af5f849ffa6] <EncDecUtil>: generateSalt returns: nTEl
[2026-09-14T18:35:15.413Z] [PAYTM] INFO [NODE-SDK:1.0.0:0abe7816-7cda-4711-a772-5af5f849ffa6] <EncDecUtil>: getChecksumFromString returns: oUbpw23gSKDQKhDummUCoQ4MjQ559+ymBaS/MSHxgY+vnsgf33Oy3/Fo5Bu9wNBdMuE4xdLh2bM2Kxt8e+GS5xcqLPMVGjU0LPH3cZ/q1r4=
[2026-09-14T18:35:15.413Z] [PAYTM] INFO [NODE-SDK:1.0.0:0abe7816-7cda-4711-a772-5af5f849ffa6] <Request>: process for request: {"head":{"version":"v2","channelId":"WEB","requestTimestamp":"1789410915412","signature":"oUbpw23gSKDQKhDummUCoQ4MjQ559+ymBaS/MSHxgY+vnsgf33Oy3/Fo5Bu9wNBdMuE4xdLh2bM2Kxt8e+GS5xcqLPMVGjU0LPH3cZ/q1r4="},"body":{"requestType":"Payment","mid":"fjuvBp93155030651834","orderId":"PAYTM_3_1789410915410","websiteName":"WEBSTAGING","txnAmount":{"currency":"INR","value":"500.00"},"userInfo":{"custId":"3"},"callbackUrl":"https://overlaid-exact-gumball.ngrok-free.dev/api/payments/paytm/callback"}}
[2026-09-14T18:35:15.413Z] [PAYTM] INFO [NODE-SDK:1.0.0:0abe7816-7cda-4711-a772-5af5f849ffa6] <Request>: executeCurl called 
[2026-09-14T18:35:15.413Z] [PAYTM] INFO [NODE-SDK:1.0.0:0abe7816-7cda-4711-a772-5af5f849ffa6] <Request>: will make API call to: https://securestage.paytmpayments.com/theia/api/v1/initiateTransaction?mid=fjuvBp93155030651834&orderId=PAYTM_3_1789410915410
[2026-09-14T18:35:16.039Z] [PAYTM] INFO [NODE-SDK:1.0.0:0abe7816-7cda-4711-a772-5af5f849ffa6] <Request>: API response received upon successful execution: {"head":{"responseTimestamp":"1789410916299","version":"v1","signature":"WFycd7Fw8Y9bOOX2gKlqNGwlKXwaYYnnigsdXiy/5KXYpGfbtAFOitPeobG09aw4D6t1SaW+9XWZliXOpGGzsrZtIkisLBaOeQ4lzw1Zyr4="},"body":{"resultInfo":{"resultStatus":"S","resultCode":"0000","resultMsg":"Success"},"txnToken":"49f88fb6dfc0415a97d1fdb0b3568e981789410916052","isPromoCodeValid":false,"authenticated":false}}
[2026-09-14T18:35:16.039Z] [PAYTM] INFO [NODE-SDK:1.0.0:0abe7816-7cda-4711-a772-5af5f849ffa6] <Request>: Raw Response: {"head":{"responseTimestamp":"1789410916299","version":"v1","signature":"WFycd7Fw8Y9bOOX2gKlqNGwlKXwaYYnnigsdXiy/5KXYpGfbtAFOitPeobG09aw4D6t1SaW+9XWZliXOpGGzsrZtIkisLBaOeQ4lzw1Zyr4="},"body":{"resultInfo":{"resultStatus":"S","resultCode":"0000","resultMsg":"Success"},"txnToken":"49f88fb6dfc0415a97d1fdb0b3568e981789410916052","isPromoCodeValid":false,"authenticated":false}}
[2026-09-14T18:35:16.039Z] [PAYTM] INFO [NODE-SDK:1.0.0:0abe7816-7cda-4711-a772-5af5f849ffa6] <Request>: Response Data Object: {"head":{"signature":"WFycd7Fw8Y9bOOX2gKlqNGwlKXwaYYnnigsdXiy/5KXYpGfbtAFOitPeobG09aw4D6t1SaW+9XWZliXOpGGzsrZtIkisLBaOeQ4lzw1Zyr4=","responseTimestamp":"1789410916299","version":"v1"},"body":{"txnToken":"49f88fb6dfc0415a97d1fdb0b3568e981789410916052","isPromoCodeValid":false,"resultInfo":{"resultStatus":"S","resultMsg":"Success","resultCode":"0000"},"extraParamsMap":{}}}
[2026-09-14T18:35:16.040Z] [PAYTM] INFO [NODE-SDK:1.0.0:0abe7816-7cda-4711-a772-5af5f849ffa6] <Request>: validating signature 
[2026-09-14T18:35:16.040Z] [PAYTM] INFO [NODE-SDK:1.0.0:0abe7816-7cda-4711-a772-5af5f849ffa6] <EncDecUtil>: verifyChecksumByString called()
[2026-09-14T18:35:16.040Z] [PAYTM] INFO [NODE-SDK:1.0.0:0abe7816-7cda-4711-a772-5af5f849ffa6] <EncDecUtil>: verifyChecksumByString returns: true
[2026-09-14T18:35:16.040Z] [PAYTM] INFO [NODE-SDK:1.0.0:0abe7816-7cda-4711-a772-5af5f849ffa6] <Request>: signature validation passed 
[2026-09-14T18:35:16.040Z] [PAYTM] INFO [NODE-SDK:1.0.0:0abe7816-7cda-4711-a772-5af5f849ffa6] <Request>: Execution completed with raw json response: {"head":{"responseTimestamp":"1789410916299","version":"v1","signature":"WFycd7Fw8Y9bOOX2gKlqNGwlKXwaYYnnigsdXiy/5KXYpGfbtAFOitPeobG09aw4D6t1SaW+9XWZliXOpGGzsrZtIkisLBaOeQ4lzw1Zyr4="},"body":{"resultInfo":{"resultStatus":"S","resultCode":"0000","resultMsg":"Success"},"txnToken":"49f88fb6dfc0415a97d1fdb0b3568e981789410916052","isPromoCodeValid":false,"authenticated":false}}
[2026-09-14T18:37:31.133Z] [PAYTM] INFO [NODE-SDK:1.0.0:cadb2c29-eb89-40be-b466-eb12faa0ec23] <Payment>: In createTxnToken PaymentDetail: {"channelId":"WEB","orderId":"PAYTM_2_1789411051132","txnAmount":{"currency":"INR","value":"500.00"},"userInfo":{"custId":"2"},"readTimeout":80000}
[2026-09-14T18:37:31.133Z] [PAYTM] INFO [NODE-SDK:1.0.0:cadb2c29-eb89-40be-b466-eb12faa0ec23] <Payment>: validatePaymentDetailsObject for object: {"channelId":"WEB","orderId":"PAYTM_2_1789411051132","txnAmount":{"currency":"INR","value":"500.00"},"userInfo":{"custId":"2"},"readTimeout":80000}
[2026-09-14T18:37:31.133Z] [PAYTM] INFO [NODE-SDK:1.0.0:cadb2c29-eb89-40be-b466-eb12faa0ec23] <Payment>:  validatePaymentDetailsObject returns true 
[2026-09-14T18:37:31.133Z] [PAYTM] INFO [NODE-SDK:1.0.0:cadb2c29-eb89-40be-b466-eb12faa0ec23] <CommonUtil>: In getSecureRequestHeader
[2026-09-14T18:37:31.133Z] [PAYTM] INFO [NODE-SDK:1.0.0:cadb2c29-eb89-40be-b466-eb12faa0ec23] <Payment>: InitiateTransactionRequest object {"head":{"version":"v2","channelId":"WEB","requestTimestamp":"1789411051133","signature":null},"body":{"requestType":"Payment","mid":"fjuvBp93155030651834","orderId":"PAYTM_2_1789411051132","websiteName":"WEBSTAGING","txnAmount":{"currency":"INR","value":"500.00"},"userInfo":{"custId":"2"},"callbackUrl":"https://overlaid-exact-gumball.ngrok-free.dev/api/payments/paytm/callback"}}
[2026-09-14T18:37:31.133Z] [PAYTM] INFO [NODE-SDK:1.0.0:cadb2c29-eb89-40be-b466-eb12faa0ec23] <EncDecUtil>: generateSignature() called
[2026-09-14T18:37:31.133Z] [PAYTM] INFO [NODE-SDK:1.0.0:cadb2c29-eb89-40be-b466-eb12faa0ec23] <EncDecUtil>: generateRandomString() called
[2026-09-14T18:37:31.134Z] [PAYTM] INFO [NODE-SDK:1.0.0:cadb2c29-eb89-40be-b466-eb12faa0ec23] <EncDecUtil>: generateSalt returns: 5kMf
[2026-09-14T18:37:31.134Z] [PAYTM] INFO [NODE-SDK:1.0.0:cadb2c29-eb89-40be-b466-eb12faa0ec23] <EncDecUtil>: getChecksumFromString returns: q3B5PVhAPxq9JvSFS+EteBDEcfIZ5xLV4cVOgcyxokyFhUPyenHGk0vLm53YLsZAQ9pAwNZTQgvJLPbx8wyK9dMpRhf/MPWW0GgUVXJum+Y=
[2026-09-14T18:37:31.134Z] [PAYTM] INFO [NODE-SDK:1.0.0:cadb2c29-eb89-40be-b466-eb12faa0ec23] <Request>: process for request: {"head":{"version":"v2","channelId":"WEB","requestTimestamp":"1789411051133","signature":"q3B5PVhAPxq9JvSFS+EteBDEcfIZ5xLV4cVOgcyxokyFhUPyenHGk0vLm53YLsZAQ9pAwNZTQgvJLPbx8wyK9dMpRhf/MPWW0GgUVXJum+Y="},"body":{"requestType":"Payment","mid":"fjuvBp93155030651834","orderId":"PAYTM_2_1789411051132","websiteName":"WEBSTAGING","txnAmount":{"currency":"INR","value":"500.00"},"userInfo":{"custId":"2"},"callbackUrl":"https://overlaid-exact-gumball.ngrok-free.dev/api/payments/paytm/callback"}}
[2026-09-14T18:37:31.134Z] [PAYTM] INFO [NODE-SDK:1.0.0:cadb2c29-eb89-40be-b466-eb12faa0ec23] <Request>: executeCurl called 
[2026-09-14T18:37:31.134Z] [PAYTM] INFO [NODE-SDK:1.0.0:cadb2c29-eb89-40be-b466-eb12faa0ec23] <Request>: will make API call to: https://securestage.paytmpayments.com/theia/api/v1/initiateTransaction?mid=fjuvBp93155030651834&orderId=PAYTM_2_1789411051132
[2026-09-14T18:37:31.664Z] [PAYTM] INFO [NODE-SDK:1.0.0:cadb2c29-eb89-40be-b466-eb12faa0ec23] <Request>: API response received upon successful execution: {"head":{"responseTimestamp":"1789411051902","version":"v1","signature":"1/3YRiRjVdu81cV19ddhQRZ45y9PLhREtiGDlfTBOFVrC/MnOUmTnzRrjeUc+sFZTrEsqHs8h7jv4OKmGwPTYeHFPjvBwRFbsLSk78oNkMM="},"body":{"resultInfo":{"resultStatus":"S","resultCode":"0000","resultMsg":"Success"},"txnToken":"5c1f04ca48854770975816b7124ec7051789411051648","isPromoCodeValid":false,"authenticated":false}}
[2026-09-14T18:37:31.665Z] [PAYTM] INFO [NODE-SDK:1.0.0:cadb2c29-eb89-40be-b466-eb12faa0ec23] <Request>: Raw Response: {"head":{"responseTimestamp":"1789411051902","version":"v1","signature":"1/3YRiRjVdu81cV19ddhQRZ45y9PLhREtiGDlfTBOFVrC/MnOUmTnzRrjeUc+sFZTrEsqHs8h7jv4OKmGwPTYeHFPjvBwRFbsLSk78oNkMM="},"body":{"resultInfo":{"resultStatus":"S","resultCode":"0000","resultMsg":"Success"},"txnToken":"5c1f04ca48854770975816b7124ec7051789411051648","isPromoCodeValid":false,"authenticated":false}}
[2026-09-14T18:37:31.665Z] [PAYTM] INFO [NODE-SDK:1.0.0:cadb2c29-eb89-40be-b466-eb12faa0ec23] <Request>: Response Data Object: {"head":{"signature":"1/3YRiRjVdu81cV19ddhQRZ45y9PLhREtiGDlfTBOFVrC/MnOUmTnzRrjeUc+sFZTrEsqHs8h7jv4OKmGwPTYeHFPjvBwRFbsLSk78oNkMM=","responseTimestamp":"1789411051902","version":"v1"},"body":{"txnToken":"5c1f04ca48854770975816b7124ec7051789411051648","isPromoCodeValid":false,"resultInfo":{"resultStatus":"S","resultMsg":"Success","resultCode":"0000"},"extraParamsMap":{}}}
[2026-09-14T18:37:31.665Z] [PAYTM] INFO [NODE-SDK:1.0.0:cadb2c29-eb89-40be-b466-eb12faa0ec23] <Request>: validating signature 
[2026-09-14T18:37:31.665Z] [PAYTM] INFO [NODE-SDK:1.0.0:cadb2c29-eb89-40be-b466-eb12faa0ec23] <EncDecUtil>: verifyChecksumByString called()
[2026-09-14T18:37:31.665Z] [PAYTM] INFO [NODE-SDK:1.0.0:cadb2c29-eb89-40be-b466-eb12faa0ec23] <EncDecUtil>: verifyChecksumByString returns: true
[2026-09-14T18:37:31.665Z] [PAYTM] INFO [NODE-SDK:1.0.0:cadb2c29-eb89-40be-b466-eb12faa0ec23] <Request>: signature validation passed 
[2026-09-14T18:37:31.665Z] [PAYTM] INFO [NODE-SDK:1.0.0:cadb2c29-eb89-40be-b466-eb12faa0ec23] <Request>: Execution completed with raw json response: {"head":{"responseTimestamp":"1789411051902","version":"v1","signature":"1/3YRiRjVdu81cV19ddhQRZ45y9PLhREtiGDlfTBOFVrC/MnOUmTnzRrjeUc+sFZTrEsqHs8h7jv4OKmGwPTYeHFPjvBwRFbsLSk78oNkMM="},"body":{"resultInfo":{"resultStatus":"S","resultCode":"0000","resultMsg":"Success"},"txnToken":"5c1f04ca48854770975816b7124ec7051789411051648","isPromoCodeValid":false,"authenticated":false}}
[2026-09-14T19:09:56.925Z] [PAYTM] INFO [NODE-SDK1.0.0] <MerchantProperties>: initialize called
[2026-09-14T19:09:56.926Z] [PAYTM] INFO [NODE-SDK1.0.0] <MerchantProperties>: Setting Environment for STAGE
[2026-09-14T19:16:52.360Z] [PAYTM] INFO [NODE-SDK1.0.0] <MerchantProperties>: initialize called
[2026-09-14T19:16:52.362Z] [PAYTM] INFO [NODE-SDK1.0.0] <MerchantProperties>: Setting Environment for STAGE
[2026-09-14T19:18:23.320Z] [PAYTM] INFO [NODE-SDK:1.0.0:4e24400d-5b29-4899-8704-451881fe6e90] <Payment>: In createTxnToken PaymentDetail: {"channelId":"WEB","orderId":"PAYTM_2_1789413503317","txnAmount":{"currency":"INR","value":"500.00"},"userInfo":{"custId":"2"},"readTimeout":80000}
[2026-09-14T19:18:23.321Z] [PAYTM] INFO [NODE-SDK:1.0.0:4e24400d-5b29-4899-8704-451881fe6e90] <Payment>: validatePaymentDetailsObject for object: {"channelId":"WEB","orderId":"PAYTM_2_1789413503317","txnAmount":{"currency":"INR","value":"500.00"},"userInfo":{"custId":"2"},"readTimeout":80000}
[2026-09-14T19:18:23.321Z] [PAYTM] INFO [NODE-SDK:1.0.0:4e24400d-5b29-4899-8704-451881fe6e90] <Payment>:  validatePaymentDetailsObject returns true 
[2026-09-14T19:18:23.322Z] [PAYTM] INFO [NODE-SDK:1.0.0:4e24400d-5b29-4899-8704-451881fe6e90] <CommonUtil>: In getSecureRequestHeader
[2026-09-14T19:18:23.324Z] [PAYTM] INFO [NODE-SDK:1.0.0:4e24400d-5b29-4899-8704-451881fe6e90] <Payment>: InitiateTransactionRequest object {"head":{"version":"v2","channelId":"WEB","requestTimestamp":"1789413503322","signature":null},"body":{"requestType":"Payment","mid":"fjuvBp93155030651834","orderId":"PAYTM_2_1789413503317","websiteName":"WEBSTAGING","txnAmount":{"currency":"INR","value":"500.00"},"userInfo":{"custId":"2"},"callbackUrl":"https://overlaid-exact-gumball.ngrok-free.dev/api/payments/paytm/callback"}}
[2026-09-14T19:18:23.325Z] [PAYTM] INFO [NODE-SDK:1.0.0:4e24400d-5b29-4899-8704-451881fe6e90] <EncDecUtil>: generateSignature() called
[2026-09-14T19:18:23.325Z] [PAYTM] INFO [NODE-SDK:1.0.0:4e24400d-5b29-4899-8704-451881fe6e90] <EncDecUtil>: generateRandomString() called
[2026-09-14T19:18:23.328Z] [PAYTM] INFO [NODE-SDK:1.0.0:4e24400d-5b29-4899-8704-451881fe6e90] <EncDecUtil>: generateSalt returns: 0nIQ
[2026-09-14T19:18:23.333Z] [PAYTM] INFO [NODE-SDK:1.0.0:4e24400d-5b29-4899-8704-451881fe6e90] <EncDecUtil>: getChecksumFromString returns: DT6Bnpu2C2QidpL/3Ufwg2ijT/QbgXz8Szgb9lejTeUSPgmLYwK/NoDeteEoffIvU5zDh1UxXsssqCEXAlwt+6Q6AlRwmtVGKC9cgrvX/Mg=
[2026-09-14T19:18:23.335Z] [PAYTM] INFO [NODE-SDK:1.0.0:4e24400d-5b29-4899-8704-451881fe6e90] <Request>: process for request: {"head":{"version":"v2","channelId":"WEB","requestTimestamp":"1789413503322","signature":"DT6Bnpu2C2QidpL/3Ufwg2ijT/QbgXz8Szgb9lejTeUSPgmLYwK/NoDeteEoffIvU5zDh1UxXsssqCEXAlwt+6Q6AlRwmtVGKC9cgrvX/Mg="},"body":{"requestType":"Payment","mid":"fjuvBp93155030651834","orderId":"PAYTM_2_1789413503317","websiteName":"WEBSTAGING","txnAmount":{"currency":"INR","value":"500.00"},"userInfo":{"custId":"2"},"callbackUrl":"https://overlaid-exact-gumball.ngrok-free.dev/api/payments/paytm/callback"}}
[2026-09-14T19:18:23.335Z] [PAYTM] INFO [NODE-SDK:1.0.0:4e24400d-5b29-4899-8704-451881fe6e90] <Request>: executeCurl called 
[2026-09-14T19:18:23.335Z] [PAYTM] INFO [NODE-SDK:1.0.0:4e24400d-5b29-4899-8704-451881fe6e90] <Request>: will make API call to: https://securestage.paytmpayments.com/theia/api/v1/initiateTransaction?mid=fjuvBp93155030651834&orderId=PAYTM_2_1789413503317
[2026-09-14T19:18:24.154Z] [PAYTM] INFO [NODE-SDK:1.0.0:4e24400d-5b29-4899-8704-451881fe6e90] <Request>: API response received upon successful execution: {"head":{"responseTimestamp":"1789413504377","version":"v1","signature":"P2pWq91NgerQvVONbR+S9zehqoyBBuMtjGQtXGEq15gNmFDsBbENkAHiceUA9dfC5hM5ouZLubYzLjegIsEUV326+dHnNi+uun7q9HhBG8s="},"body":{"resultInfo":{"resultStatus":"S","resultCode":"0000","resultMsg":"Success"},"txnToken":"05ddf2cc66ba4daa884bb37723d8e5e11789413504153","isPromoCodeValid":false,"authenticated":false}}
[2026-09-14T19:18:24.156Z] [PAYTM] INFO [NODE-SDK:1.0.0:4e24400d-5b29-4899-8704-451881fe6e90] <Request>: Raw Response: {"head":{"responseTimestamp":"1789413504377","version":"v1","signature":"P2pWq91NgerQvVONbR+S9zehqoyBBuMtjGQtXGEq15gNmFDsBbENkAHiceUA9dfC5hM5ouZLubYzLjegIsEUV326+dHnNi+uun7q9HhBG8s="},"body":{"resultInfo":{"resultStatus":"S","resultCode":"0000","resultMsg":"Success"},"txnToken":"05ddf2cc66ba4daa884bb37723d8e5e11789413504153","isPromoCodeValid":false,"authenticated":false}}
[2026-09-14T19:18:24.158Z] [PAYTM] INFO [NODE-SDK:1.0.0:4e24400d-5b29-4899-8704-451881fe6e90] <Request>: Response Data Object: {"head":{"signature":"P2pWq91NgerQvVONbR+S9zehqoyBBuMtjGQtXGEq15gNmFDsBbENkAHiceUA9dfC5hM5ouZLubYzLjegIsEUV326+dHnNi+uun7q9HhBG8s=","responseTimestamp":"1789413504377","version":"v1"},"body":{"txnToken":"05ddf2cc66ba4daa884bb37723d8e5e11789413504153","isPromoCodeValid":false,"resultInfo":{"resultStatus":"S","resultMsg":"Success","resultCode":"0000"},"extraParamsMap":{}}}
[2026-09-14T19:18:24.158Z] [PAYTM] INFO [NODE-SDK:1.0.0:4e24400d-5b29-4899-8704-451881fe6e90] <Request>: validating signature 
[2026-09-14T19:18:24.159Z] [PAYTM] INFO [NODE-SDK:1.0.0:4e24400d-5b29-4899-8704-451881fe6e90] <EncDecUtil>: verifyChecksumByString called()
[2026-09-14T19:18:24.159Z] [PAYTM] INFO [NODE-SDK:1.0.0:4e24400d-5b29-4899-8704-451881fe6e90] <EncDecUtil>: verifyChecksumByString returns: true
[2026-09-14T19:18:24.159Z] [PAYTM] INFO [NODE-SDK:1.0.0:4e24400d-5b29-4899-8704-451881fe6e90] <Request>: signature validation passed 
[2026-09-14T19:18:24.159Z] [PAYTM] INFO [NODE-SDK:1.0.0:4e24400d-5b29-4899-8704-451881fe6e90] <Request>: Execution completed with raw json response: {"head":{"responseTimestamp":"1789413504377","version":"v1","signature":"P2pWq91NgerQvVONbR+S9zehqoyBBuMtjGQtXGEq15gNmFDsBbENkAHiceUA9dfC5hM5ouZLubYzLjegIsEUV326+dHnNi+uun7q9HhBG8s="},"body":{"resultInfo":{"resultStatus":"S","resultCode":"0000","resultMsg":"Success"},"txnToken":"05ddf2cc66ba4daa884bb37723d8e5e11789413504153","isPromoCodeValid":false,"authenticated":false}}
[2026-09-14T19:25:29.439Z] [PAYTM] INFO [NODE-SDK:1.0.0:52dfb5d1-a128-42a3-8728-4d6c6f722b0c] <Payment>: In createTxnToken PaymentDetail: {"channelId":"WEB","orderId":"PAYTM_2_1789413929439","txnAmount":{"currency":"INR","value":"500.00"},"userInfo":{"custId":"2"},"readTimeout":80000}
[2026-09-14T19:25:29.439Z] [PAYTM] INFO [NODE-SDK:1.0.0:52dfb5d1-a128-42a3-8728-4d6c6f722b0c] <Payment>: validatePaymentDetailsObject for object: {"channelId":"WEB","orderId":"PAYTM_2_1789413929439","txnAmount":{"currency":"INR","value":"500.00"},"userInfo":{"custId":"2"},"readTimeout":80000}
[2026-09-14T19:25:29.439Z] [PAYTM] INFO [NODE-SDK:1.0.0:52dfb5d1-a128-42a3-8728-4d6c6f722b0c] <Payment>:  validatePaymentDetailsObject returns true 
[2026-09-14T19:25:29.439Z] [PAYTM] INFO [NODE-SDK:1.0.0:52dfb5d1-a128-42a3-8728-4d6c6f722b0c] <CommonUtil>: In getSecureRequestHeader
[2026-09-14T19:25:29.439Z] [PAYTM] INFO [NODE-SDK:1.0.0:52dfb5d1-a128-42a3-8728-4d6c6f722b0c] <Payment>: InitiateTransactionRequest object {"head":{"version":"v2","channelId":"WEB","requestTimestamp":"1789413929439","signature":null},"body":{"requestType":"Payment","mid":"fjuvBp93155030651834","orderId":"PAYTM_2_1789413929439","websiteName":"WEBSTAGING","txnAmount":{"currency":"INR","value":"500.00"},"userInfo":{"custId":"2"},"callbackUrl":"https://overlaid-exact-gumball.ngrok-free.dev/api/payments/paytm/callback"}}
[2026-09-14T19:25:29.440Z] [PAYTM] INFO [NODE-SDK:1.0.0:52dfb5d1-a128-42a3-8728-4d6c6f722b0c] <EncDecUtil>: generateSignature() called
[2026-09-14T19:25:29.440Z] [PAYTM] INFO [NODE-SDK:1.0.0:52dfb5d1-a128-42a3-8728-4d6c6f722b0c] <EncDecUtil>: generateRandomString() called
[2026-09-14T19:25:29.440Z] [PAYTM] INFO [NODE-SDK:1.0.0:52dfb5d1-a128-42a3-8728-4d6c6f722b0c] <EncDecUtil>: generateSalt returns: 6TAs
[2026-09-14T19:25:29.440Z] [PAYTM] INFO [NODE-SDK:1.0.0:52dfb5d1-a128-42a3-8728-4d6c6f722b0c] <EncDecUtil>: getChecksumFromString returns: W3wroeos/PhLr6A7Xoo9KdQJTlU3MhDpgPnA7eMipydVQCtp9kPAqfkZyHjITTh6Ad3AnEEi/QR/0F8kMKDIGtkjE7TcoyvlrzcI8G+q4Bg=
[2026-09-14T19:25:29.440Z] [PAYTM] INFO [NODE-SDK:1.0.0:52dfb5d1-a128-42a3-8728-4d6c6f722b0c] <Request>: process for request: {"head":{"version":"v2","channelId":"WEB","requestTimestamp":"1789413929439","signature":"W3wroeos/PhLr6A7Xoo9KdQJTlU3MhDpgPnA7eMipydVQCtp9kPAqfkZyHjITTh6Ad3AnEEi/QR/0F8kMKDIGtkjE7TcoyvlrzcI8G+q4Bg="},"body":{"requestType":"Payment","mid":"fjuvBp93155030651834","orderId":"PAYTM_2_1789413929439","websiteName":"WEBSTAGING","txnAmount":{"currency":"INR","value":"500.00"},"userInfo":{"custId":"2"},"callbackUrl":"https://overlaid-exact-gumball.ngrok-free.dev/api/payments/paytm/callback"}}
[2026-09-14T19:25:29.440Z] [PAYTM] INFO [NODE-SDK:1.0.0:52dfb5d1-a128-42a3-8728-4d6c6f722b0c] <Request>: executeCurl called 
[2026-09-14T19:25:29.440Z] [PAYTM] INFO [NODE-SDK:1.0.0:52dfb5d1-a128-42a3-8728-4d6c6f722b0c] <Request>: will make API call to: https://securestage.paytmpayments.com/theia/api/v1/initiateTransaction?mid=fjuvBp93155030651834&orderId=PAYTM_2_1789413929439
[2026-09-14T19:25:30.500Z] [PAYTM] INFO [NODE-SDK:1.0.0:52dfb5d1-a128-42a3-8728-4d6c6f722b0c] <Request>: API response received upon successful execution: {"head":{"responseTimestamp":"1789413930745","version":"v1","signature":"Pj2VMeWDjkr9WPz21I/tbPdscM/Rv0knlw6pFzSOMAPY9tvI8Aj/X/DXm6C4F1mvNFzuHwVcfbYSx5CFRttO6b+MdQlSNnJM6Vh1rLeyeJY="},"body":{"resultInfo":{"resultStatus":"S","resultCode":"0000","resultMsg":"Success"},"txnToken":"dc970d29505d4ee0a401ec00424a04671789413930471","isPromoCodeValid":false,"authenticated":false}}
[2026-09-14T19:25:30.500Z] [PAYTM] INFO [NODE-SDK:1.0.0:52dfb5d1-a128-42a3-8728-4d6c6f722b0c] <Request>: Raw Response: {"head":{"responseTimestamp":"1789413930745","version":"v1","signature":"Pj2VMeWDjkr9WPz21I/tbPdscM/Rv0knlw6pFzSOMAPY9tvI8Aj/X/DXm6C4F1mvNFzuHwVcfbYSx5CFRttO6b+MdQlSNnJM6Vh1rLeyeJY="},"body":{"resultInfo":{"resultStatus":"S","resultCode":"0000","resultMsg":"Success"},"txnToken":"dc970d29505d4ee0a401ec00424a04671789413930471","isPromoCodeValid":false,"authenticated":false}}
[2026-09-14T19:25:30.501Z] [PAYTM] INFO [NODE-SDK:1.0.0:52dfb5d1-a128-42a3-8728-4d6c6f722b0c] <Request>: Response Data Object: {"head":{"signature":"Pj2VMeWDjkr9WPz21I/tbPdscM/Rv0knlw6pFzSOMAPY9tvI8Aj/X/DXm6C4F1mvNFzuHwVcfbYSx5CFRttO6b+MdQlSNnJM6Vh1rLeyeJY=","responseTimestamp":"1789413930745","version":"v1"},"body":{"txnToken":"dc970d29505d4ee0a401ec00424a04671789413930471","isPromoCodeValid":false,"resultInfo":{"resultStatus":"S","resultMsg":"Success","resultCode":"0000"},"extraParamsMap":{}}}
[2026-09-14T19:25:30.501Z] [PAYTM] INFO [NODE-SDK:1.0.0:52dfb5d1-a128-42a3-8728-4d6c6f722b0c] <Request>: validating signature 
[2026-09-14T19:25:30.501Z] [PAYTM] INFO [NODE-SDK:1.0.0:52dfb5d1-a128-42a3-8728-4d6c6f722b0c] <EncDecUtil>: verifyChecksumByString called()
[2026-09-14T19:25:30.501Z] [PAYTM] INFO [NODE-SDK:1.0.0:52dfb5d1-a128-42a3-8728-4d6c6f722b0c] <EncDecUtil>: verifyChecksumByString returns: true
[2026-09-14T19:25:30.501Z] [PAYTM] INFO [NODE-SDK:1.0.0:52dfb5d1-a128-42a3-8728-4d6c6f722b0c] <Request>: signature validation passed 
[2026-09-14T19:25:30.501Z] [PAYTM] INFO [NODE-SDK:1.0.0:52dfb5d1-a128-42a3-8728-4d6c6f722b0c] <Request>: Execution completed with raw json response: {"head":{"responseTimestamp":"1789413930745","version":"v1","signature":"Pj2VMeWDjkr9WPz21I/tbPdscM/Rv0knlw6pFzSOMAPY9tvI8Aj/X/DXm6C4F1mvNFzuHwVcfbYSx5CFRttO6b+MdQlSNnJM6Vh1rLeyeJY="},"body":{"resultInfo":{"resultStatus":"S","resultCode":"0000","resultMsg":"Success"},"txnToken":"dc970d29505d4ee0a401ec00424a04671789413930471","isPromoCodeValid":false,"authenticated":false}}
[2026-09-15T06:37:47.944Z] [PAYTM] INFO [NODE-SDK1.0.0] <MerchantProperties>: initialize called
[2026-09-15T06:37:47.956Z] [PAYTM] INFO [NODE-SDK1.0.0] <MerchantProperties>: Setting Environment for STAGE
[2026-09-15T06:38:06.685Z] [PAYTM] INFO [NODE-SDK:1.0.0:db6005d4-43bc-4ca8-bcb7-47e3322a7de9] <Payment>: In createTxnToken PaymentDetail: {"channelId":"WEB","orderId":"PAYTM_2_1789454286683","txnAmount":{"currency":"INR","value":"500.00"},"userInfo":{"custId":"2"},"readTimeout":80000}
[2026-09-15T06:38:06.685Z] [PAYTM] INFO [NODE-SDK:1.0.0:db6005d4-43bc-4ca8-bcb7-47e3322a7de9] <Payment>: validatePaymentDetailsObject for object: {"channelId":"WEB","orderId":"PAYTM_2_1789454286683","txnAmount":{"currency":"INR","value":"500.00"},"userInfo":{"custId":"2"},"readTimeout":80000}
[2026-09-15T06:38:06.686Z] [PAYTM] INFO [NODE-SDK:1.0.0:db6005d4-43bc-4ca8-bcb7-47e3322a7de9] <Payment>:  validatePaymentDetailsObject returns true 
[2026-09-15T06:38:06.686Z] [PAYTM] INFO [NODE-SDK:1.0.0:db6005d4-43bc-4ca8-bcb7-47e3322a7de9] <CommonUtil>: In getSecureRequestHeader
[2026-09-15T06:38:06.689Z] [PAYTM] INFO [NODE-SDK:1.0.0:db6005d4-43bc-4ca8-bcb7-47e3322a7de9] <Payment>: InitiateTransactionRequest object {"head":{"version":"v2","channelId":"WEB","requestTimestamp":"1789454286687","signature":null},"body":{"requestType":"Payment","mid":"fjuvBp93155030651834","orderId":"PAYTM_2_1789454286683","websiteName":"WEBSTAGING","txnAmount":{"currency":"INR","value":"500.00"},"userInfo":{"custId":"2"},"callbackUrl":"https://overlaid-exact-gumball.ngrok-free.dev/api/payments/paytm/callback"}}
[2026-09-15T06:38:06.690Z] [PAYTM] INFO [NODE-SDK:1.0.0:db6005d4-43bc-4ca8-bcb7-47e3322a7de9] <EncDecUtil>: generateSignature() called
[2026-09-15T06:38:06.690Z] [PAYTM] INFO [NODE-SDK:1.0.0:db6005d4-43bc-4ca8-bcb7-47e3322a7de9] <EncDecUtil>: generateRandomString() called
[2026-09-15T06:38:06.693Z] [PAYTM] INFO [NODE-SDK:1.0.0:db6005d4-43bc-4ca8-bcb7-47e3322a7de9] <EncDecUtil>: generateSalt returns: DbQM
[2026-09-15T06:38:06.698Z] [PAYTM] INFO [NODE-SDK:1.0.0:db6005d4-43bc-4ca8-bcb7-47e3322a7de9] <EncDecUtil>: getChecksumFromString returns: 9lahf7rehKBdo0rNEBGd9EeuJExhgZ4ZLt2Nkgom02zi5tMl9kj2lGCq8FSdC2wlYwx0B9mWEFASyI0CKigQjfpUOwqIStUMSvk+0PyoeZE=
[2026-09-15T06:38:06.699Z] [PAYTM] INFO [NODE-SDK:1.0.0:db6005d4-43bc-4ca8-bcb7-47e3322a7de9] <Request>: process for request: {"head":{"version":"v2","channelId":"WEB","requestTimestamp":"1789454286687","signature":"9lahf7rehKBdo0rNEBGd9EeuJExhgZ4ZLt2Nkgom02zi5tMl9kj2lGCq8FSdC2wlYwx0B9mWEFASyI0CKigQjfpUOwqIStUMSvk+0PyoeZE="},"body":{"requestType":"Payment","mid":"fjuvBp93155030651834","orderId":"PAYTM_2_1789454286683","websiteName":"WEBSTAGING","txnAmount":{"currency":"INR","value":"500.00"},"userInfo":{"custId":"2"},"callbackUrl":"https://overlaid-exact-gumball.ngrok-free.dev/api/payments/paytm/callback"}}
[2026-09-15T06:38:06.699Z] [PAYTM] INFO [NODE-SDK:1.0.0:db6005d4-43bc-4ca8-bcb7-47e3322a7de9] <Request>: executeCurl called 
[2026-09-15T06:38:06.700Z] [PAYTM] INFO [NODE-SDK:1.0.0:db6005d4-43bc-4ca8-bcb7-47e3322a7de9] <Request>: will make API call to: https://securestage.paytmpayments.com/theia/api/v1/initiateTransaction?mid=fjuvBp93155030651834&orderId=PAYTM_2_1789454286683
[2026-09-15T06:38:07.589Z] [PAYTM] INFO [NODE-SDK:1.0.0:db6005d4-43bc-4ca8-bcb7-47e3322a7de9] <Request>: API response received upon successful execution: {"head":{"responseTimestamp":"1789454287828","version":"v1","signature":"kKWAIZEG9G5o3Fo5kqbXx12q0AnUUbJluvEXEIEoyEApiF6dJCZ4042KI+PNrshlTJ3p6Gr8Wg9/Ttl1tzblKQeVb5Zwllh11LZjNoSp9+k="},"body":{"resultInfo":{"resultStatus":"S","resultCode":"0000","resultMsg":"Success"},"txnToken":"1bf20f2a76aa4cf19dc989c3669908091789454287445","isPromoCodeValid":false,"authenticated":false}}
[2026-09-15T06:38:07.590Z] [PAYTM] INFO [NODE-SDK:1.0.0:db6005d4-43bc-4ca8-bcb7-47e3322a7de9] <Request>: Raw Response: {"head":{"responseTimestamp":"1789454287828","version":"v1","signature":"kKWAIZEG9G5o3Fo5kqbXx12q0AnUUbJluvEXEIEoyEApiF6dJCZ4042KI+PNrshlTJ3p6Gr8Wg9/Ttl1tzblKQeVb5Zwllh11LZjNoSp9+k="},"body":{"resultInfo":{"resultStatus":"S","resultCode":"0000","resultMsg":"Success"},"txnToken":"1bf20f2a76aa4cf19dc989c3669908091789454287445","isPromoCodeValid":false,"authenticated":false}}
[2026-09-15T06:38:07.591Z] [PAYTM] INFO [NODE-SDK:1.0.0:db6005d4-43bc-4ca8-bcb7-47e3322a7de9] <Request>: Response Data Object: {"head":{"signature":"kKWAIZEG9G5o3Fo5kqbXx12q0AnUUbJluvEXEIEoyEApiF6dJCZ4042KI+PNrshlTJ3p6Gr8Wg9/Ttl1tzblKQeVb5Zwllh11LZjNoSp9+k=","responseTimestamp":"1789454287828","version":"v1"},"body":{"txnToken":"1bf20f2a76aa4cf19dc989c3669908091789454287445","isPromoCodeValid":false,"resultInfo":{"resultStatus":"S","resultMsg":"Success","resultCode":"0000"},"extraParamsMap":{}}}
[2026-09-15T06:38:07.592Z] [PAYTM] INFO [NODE-SDK:1.0.0:db6005d4-43bc-4ca8-bcb7-47e3322a7de9] <Request>: validating signature 
[2026-09-15T06:38:07.592Z] [PAYTM] INFO [NODE-SDK:1.0.0:db6005d4-43bc-4ca8-bcb7-47e3322a7de9] <EncDecUtil>: verifyChecksumByString called()
[2026-09-15T06:38:07.592Z] [PAYTM] INFO [NODE-SDK:1.0.0:db6005d4-43bc-4ca8-bcb7-47e3322a7de9] <EncDecUtil>: verifyChecksumByString returns: true
[2026-09-15T06:38:07.592Z] [PAYTM] INFO [NODE-SDK:1.0.0:db6005d4-43bc-4ca8-bcb7-47e3322a7de9] <Request>: signature validation passed 
[2026-09-15T06:38:07.592Z] [PAYTM] INFO [NODE-SDK:1.0.0:db6005d4-43bc-4ca8-bcb7-47e3322a7de9] <Request>: Execution completed with raw json response: {"head":{"responseTimestamp":"1789454287828","version":"v1","signature":"kKWAIZEG9G5o3Fo5kqbXx12q0AnUUbJluvEXEIEoyEApiF6dJCZ4042KI+PNrshlTJ3p6Gr8Wg9/Ttl1tzblKQeVb5Zwllh11LZjNoSp9+k="},"body":{"resultInfo":{"resultStatus":"S","resultCode":"0000","resultMsg":"Success"},"txnToken":"1bf20f2a76aa4cf19dc989c3669908091789454287445","isPromoCodeValid":false,"authenticated":false}}
[2026-09-15T06:42:30.431Z] [PAYTM] INFO [NODE-SDK1.0.0] <MerchantProperties>: initialize called
[2026-09-15T06:42:30.443Z] [PAYTM] INFO [NODE-SDK1.0.0] <MerchantProperties>: Setting Environment for STAGE
[2026-09-15T06:57:54.743Z] [PAYTM] INFO [NODE-SDK1.0.0] <MerchantProperties>: initialize called
[2026-09-15T06:57:54.745Z] [PAYTM] INFO [NODE-SDK1.0.0] <MerchantProperties>: Setting Environment for STAGE
[2026-09-15T06:58:11.401Z] [PAYTM] INFO [NODE-SDK:1.0.0:5d7e51d3-0b58-4801-8e4a-21f58e1e11b4] <Payment>: In createTxnToken PaymentDetail: {"channelId":"WEB","orderId":"PAYTM_2_1789455491399","txnAmount":{"currency":"INR","value":"100.00"},"userInfo":{"custId":"2"},"readTimeout":80000}
[2026-09-15T06:58:11.402Z] [PAYTM] INFO [NODE-SDK:1.0.0:5d7e51d3-0b58-4801-8e4a-21f58e1e11b4] <Payment>: validatePaymentDetailsObject for object: {"channelId":"WEB","orderId":"PAYTM_2_1789455491399","txnAmount":{"currency":"INR","value":"100.00"},"userInfo":{"custId":"2"},"readTimeout":80000}
[2026-09-15T06:58:11.402Z] [PAYTM] INFO [NODE-SDK:1.0.0:5d7e51d3-0b58-4801-8e4a-21f58e1e11b4] <Payment>:  validatePaymentDetailsObject returns true 
[2026-09-15T06:58:11.403Z] [PAYTM] INFO [NODE-SDK:1.0.0:5d7e51d3-0b58-4801-8e4a-21f58e1e11b4] <CommonUtil>: In getSecureRequestHeader
[2026-09-15T06:58:11.404Z] [PAYTM] INFO [NODE-SDK:1.0.0:5d7e51d3-0b58-4801-8e4a-21f58e1e11b4] <Payment>: InitiateTransactionRequest object {"head":{"version":"v2","channelId":"WEB","requestTimestamp":"1789455491403","signature":null},"body":{"requestType":"Payment","mid":"fjuvBp93155030651834","orderId":"PAYTM_2_1789455491399","websiteName":"WEBSTAGING","txnAmount":{"currency":"INR","value":"100.00"},"userInfo":{"custId":"2"},"callbackUrl":"https://overlaid-exact-gumball.ngrok-free.dev/api/payments/paytm/callback"}}
[2026-09-15T06:58:11.405Z] [PAYTM] INFO [NODE-SDK:1.0.0:5d7e51d3-0b58-4801-8e4a-21f58e1e11b4] <EncDecUtil>: generateSignature() called
[2026-09-15T06:58:11.405Z] [PAYTM] INFO [NODE-SDK:1.0.0:5d7e51d3-0b58-4801-8e4a-21f58e1e11b4] <EncDecUtil>: generateRandomString() called
[2026-09-15T06:58:11.407Z] [PAYTM] INFO [NODE-SDK:1.0.0:5d7e51d3-0b58-4801-8e4a-21f58e1e11b4] <EncDecUtil>: generateSalt returns: MiPX
[2026-09-15T06:58:11.412Z] [PAYTM] INFO [NODE-SDK:1.0.0:5d7e51d3-0b58-4801-8e4a-21f58e1e11b4] <EncDecUtil>: getChecksumFromString returns: eMR34jvXIQet+F8BkZrQid18JYD8p18rsqbRmUNXYYemOA1HsXcJtIb5C4PMqVxn3/Qb45ArmgoCgYxdhX3fehvYu6mCNTjod9Dg5gWdslY=
[2026-09-15T06:58:11.413Z] [PAYTM] INFO [NODE-SDK:1.0.0:5d7e51d3-0b58-4801-8e4a-21f58e1e11b4] <Request>: process for request: {"head":{"version":"v2","channelId":"WEB","requestTimestamp":"1789455491403","signature":"eMR34jvXIQet+F8BkZrQid18JYD8p18rsqbRmUNXYYemOA1HsXcJtIb5C4PMqVxn3/Qb45ArmgoCgYxdhX3fehvYu6mCNTjod9Dg5gWdslY="},"body":{"requestType":"Payment","mid":"fjuvBp93155030651834","orderId":"PAYTM_2_1789455491399","websiteName":"WEBSTAGING","txnAmount":{"currency":"INR","value":"100.00"},"userInfo":{"custId":"2"},"callbackUrl":"https://overlaid-exact-gumball.ngrok-free.dev/api/payments/paytm/callback"}}
[2026-09-15T06:58:11.413Z] [PAYTM] INFO [NODE-SDK:1.0.0:5d7e51d3-0b58-4801-8e4a-21f58e1e11b4] <Request>: executeCurl called 
[2026-09-15T06:58:11.413Z] [PAYTM] INFO [NODE-SDK:1.0.0:5d7e51d3-0b58-4801-8e4a-21f58e1e11b4] <Request>: will make API call to: https://securestage.paytmpayments.com/theia/api/v1/initiateTransaction?mid=fjuvBp93155030651834&orderId=PAYTM_2_1789455491399
[2026-09-15T06:58:12.026Z] [PAYTM] INFO [NODE-SDK:1.0.0:5d7e51d3-0b58-4801-8e4a-21f58e1e11b4] <Request>: API response received upon successful execution: {"head":{"responseTimestamp":"1789455492213","version":"v1","signature":"W3CwdhLMEXSLeYqcq0q7bHQIqEqfiTjnzgrB344niTRuv1nITV9kLxBex9TLW5CTjQENWRFjzBAWOHDxuCXmewicUevoCaYyjw4wPC7O4fc="},"body":{"resultInfo":{"resultStatus":"S","resultCode":"0000","resultMsg":"Success"},"txnToken":"4d2c9be5c7734d36b72c58c7999d8e621789455492034","isPromoCodeValid":false,"authenticated":false}}
[2026-09-15T06:58:12.029Z] [PAYTM] INFO [NODE-SDK:1.0.0:5d7e51d3-0b58-4801-8e4a-21f58e1e11b4] <Request>: Raw Response: {"head":{"responseTimestamp":"1789455492213","version":"v1","signature":"W3CwdhLMEXSLeYqcq0q7bHQIqEqfiTjnzgrB344niTRuv1nITV9kLxBex9TLW5CTjQENWRFjzBAWOHDxuCXmewicUevoCaYyjw4wPC7O4fc="},"body":{"resultInfo":{"resultStatus":"S","resultCode":"0000","resultMsg":"Success"},"txnToken":"4d2c9be5c7734d36b72c58c7999d8e621789455492034","isPromoCodeValid":false,"authenticated":false}}
[2026-09-15T06:58:12.030Z] [PAYTM] INFO [NODE-SDK:1.0.0:5d7e51d3-0b58-4801-8e4a-21f58e1e11b4] <Request>: Response Data Object: {"head":{"signature":"W3CwdhLMEXSLeYqcq0q7bHQIqEqfiTjnzgrB344niTRuv1nITV9kLxBex9TLW5CTjQENWRFjzBAWOHDxuCXmewicUevoCaYyjw4wPC7O4fc=","responseTimestamp":"1789455492213","version":"v1"},"body":{"txnToken":"4d2c9be5c7734d36b72c58c7999d8e621789455492034","isPromoCodeValid":false,"resultInfo":{"resultStatus":"S","resultMsg":"Success","resultCode":"0000"},"extraParamsMap":{}}}
[2026-09-15T06:58:12.030Z] [PAYTM] INFO [NODE-SDK:1.0.0:5d7e51d3-0b58-4801-8e4a-21f58e1e11b4] <Request>: validating signature 
[2026-09-15T06:58:12.030Z] [PAYTM] INFO [NODE-SDK:1.0.0:5d7e51d3-0b58-4801-8e4a-21f58e1e11b4] <EncDecUtil>: verifyChecksumByString called()
[2026-09-15T06:58:12.031Z] [PAYTM] INFO [NODE-SDK:1.0.0:5d7e51d3-0b58-4801-8e4a-21f58e1e11b4] <EncDecUtil>: verifyChecksumByString returns: true
[2026-09-15T06:58:12.031Z] [PAYTM] INFO [NODE-SDK:1.0.0:5d7e51d3-0b58-4801-8e4a-21f58e1e11b4] <Request>: signature validation passed 
[2026-09-15T06:58:12.031Z] [PAYTM] INFO [NODE-SDK:1.0.0:5d7e51d3-0b58-4801-8e4a-21f58e1e11b4] <Request>: Execution completed with raw json response: {"head":{"responseTimestamp":"1789455492213","version":"v1","signature":"W3CwdhLMEXSLeYqcq0q7bHQIqEqfiTjnzgrB344niTRuv1nITV9kLxBex9TLW5CTjQENWRFjzBAWOHDxuCXmewicUevoCaYyjw4wPC7O4fc="},"body":{"resultInfo":{"resultStatus":"S","resultCode":"0000","resultMsg":"Success"},"txnToken":"4d2c9be5c7734d36b72c58c7999d8e621789455492034","isPromoCodeValid":false,"authenticated":false}}
[2026-09-15T06:59:35.671Z] [PAYTM] INFO [NODE-SDK1.0.0] <MerchantProperties>: initialize called
[2026-09-15T06:59:35.672Z] [PAYTM] INFO [NODE-SDK1.0.0] <MerchantProperties>: Setting Environment for STAGE
[2026-09-15T07:12:23.831Z] [PAYTM] INFO [NODE-SDK1.0.0] <MerchantProperties>: initialize called
[2026-09-15T07:12:23.832Z] [PAYTM] INFO [NODE-SDK1.0.0] <MerchantProperties>: Setting Environment for STAGE
[2026-09-15T07:12:32.712Z] [PAYTM] INFO [NODE-SDK:1.0.0:ec8469d0-cebd-4bb6-b201-9e66e90dcc23] <Payment>: In createTxnToken PaymentDetail: {"channelId":"WEB","orderId":"PAYTM_2_1789456352710","txnAmount":{"currency":"INR","value":"500.00"},"userInfo":{"custId":"2"},"readTimeout":80000}
[2026-09-15T07:12:32.713Z] [PAYTM] INFO [NODE-SDK:1.0.0:ec8469d0-cebd-4bb6-b201-9e66e90dcc23] <Payment>: validatePaymentDetailsObject for object: {"channelId":"WEB","orderId":"PAYTM_2_1789456352710","txnAmount":{"currency":"INR","value":"500.00"},"userInfo":{"custId":"2"},"readTimeout":80000}
[2026-09-15T07:12:32.713Z] [PAYTM] INFO [NODE-SDK:1.0.0:ec8469d0-cebd-4bb6-b201-9e66e90dcc23] <Payment>:  validatePaymentDetailsObject returns true 
[2026-09-15T07:12:32.714Z] [PAYTM] INFO [NODE-SDK:1.0.0:ec8469d0-cebd-4bb6-b201-9e66e90dcc23] <CommonUtil>: In getSecureRequestHeader
[2026-09-15T07:12:32.717Z] [PAYTM] INFO [NODE-SDK:1.0.0:ec8469d0-cebd-4bb6-b201-9e66e90dcc23] <Payment>: InitiateTransactionRequest object {"head":{"version":"v2","channelId":"WEB","requestTimestamp":"1789456352715","signature":null},"body":{"requestType":"Payment","mid":"fjuvBp93155030651834","orderId":"PAYTM_2_1789456352710","websiteName":"WEBSTAGING","txnAmount":{"currency":"INR","value":"500.00"},"userInfo":{"custId":"2"},"callbackUrl":"https://overlaid-exact-gumball.ngrok-free.dev/api/payments/paytm/callback"}}
[2026-09-15T07:12:32.717Z] [PAYTM] INFO [NODE-SDK:1.0.0:ec8469d0-cebd-4bb6-b201-9e66e90dcc23] <EncDecUtil>: generateSignature() called
[2026-09-15T07:12:32.718Z] [PAYTM] INFO [NODE-SDK:1.0.0:ec8469d0-cebd-4bb6-b201-9e66e90dcc23] <EncDecUtil>: generateRandomString() called
[2026-09-15T07:12:32.720Z] [PAYTM] INFO [NODE-SDK:1.0.0:ec8469d0-cebd-4bb6-b201-9e66e90dcc23] <EncDecUtil>: generateSalt returns: 0Cqq
[2026-09-15T07:12:32.725Z] [PAYTM] INFO [NODE-SDK:1.0.0:ec8469d0-cebd-4bb6-b201-9e66e90dcc23] <EncDecUtil>: getChecksumFromString returns: r/tmC3r7clNUegzpAta+RTa8EVhD5zQ4G2KFKaQMdSh7GFXw5Ttehod/1532yZMF1IkbuAQjIpypz9jChmuLaMVJ8KfzQAA2oA1wmqoUUVM=
[2026-09-15T07:12:32.727Z] [PAYTM] INFO [NODE-SDK:1.0.0:ec8469d0-cebd-4bb6-b201-9e66e90dcc23] <Request>: process for request: {"head":{"version":"v2","channelId":"WEB","requestTimestamp":"1789456352715","signature":"r/tmC3r7clNUegzpAta+RTa8EVhD5zQ4G2KFKaQMdSh7GFXw5Ttehod/1532yZMF1IkbuAQjIpypz9jChmuLaMVJ8KfzQAA2oA1wmqoUUVM="},"body":{"requestType":"Payment","mid":"fjuvBp93155030651834","orderId":"PAYTM_2_1789456352710","websiteName":"WEBSTAGING","txnAmount":{"currency":"INR","value":"500.00"},"userInfo":{"custId":"2"},"callbackUrl":"https://overlaid-exact-gumball.ngrok-free.dev/api/payments/paytm/callback"}}
[2026-09-15T07:12:32.727Z] [PAYTM] INFO [NODE-SDK:1.0.0:ec8469d0-cebd-4bb6-b201-9e66e90dcc23] <Request>: executeCurl called 
[2026-09-15T07:12:32.727Z] [PAYTM] INFO [NODE-SDK:1.0.0:ec8469d0-cebd-4bb6-b201-9e66e90dcc23] <Request>: will make API call to: https://securestage.paytmpayments.com/theia/api/v1/initiateTransaction?mid=fjuvBp93155030651834&orderId=PAYTM_2_1789456352710
[2026-09-15T07:12:33.219Z] [PAYTM] INFO [NODE-SDK:1.0.0:ec8469d0-cebd-4bb6-b201-9e66e90dcc23] <Request>: API response received upon successful execution: {"head":{"responseTimestamp":"1789456353406","version":"v1","signature":"PDJwU8dYZXXeM7xX1SOcBNSnWR2V49GoTWkXLz8cIx9+X+1ck9GlppU+eyC2sxh2H07rsR7ODlw6ngsDw+L+YmOLroPST9vr8ZNDLkkx2Ms="},"body":{"resultInfo":{"resultStatus":"S","resultCode":"0000","resultMsg":"Success"},"txnToken":"82d1da72ca5a44edbf442bc45b72e99e1789456353247","isPromoCodeValid":false,"authenticated":false}}
[2026-09-15T07:12:33.220Z] [PAYTM] INFO [NODE-SDK:1.0.0:ec8469d0-cebd-4bb6-b201-9e66e90dcc23] <Request>: Raw Response: {"head":{"responseTimestamp":"1789456353406","version":"v1","signature":"PDJwU8dYZXXeM7xX1SOcBNSnWR2V49GoTWkXLz8cIx9+X+1ck9GlppU+eyC2sxh2H07rsR7ODlw6ngsDw+L+YmOLroPST9vr8ZNDLkkx2Ms="},"body":{"resultInfo":{"resultStatus":"S","resultCode":"0000","resultMsg":"Success"},"txnToken":"82d1da72ca5a44edbf442bc45b72e99e1789456353247","isPromoCodeValid":false,"authenticated":false}}
[2026-09-15T07:12:33.222Z] [PAYTM] INFO [NODE-SDK:1.0.0:ec8469d0-cebd-4bb6-b201-9e66e90dcc23] <Request>: Response Data Object: {"head":{"signature":"PDJwU8dYZXXeM7xX1SOcBNSnWR2V49GoTWkXLz8cIx9+X+1ck9GlppU+eyC2sxh2H07rsR7ODlw6ngsDw+L+YmOLroPST9vr8ZNDLkkx2Ms=","responseTimestamp":"1789456353406","version":"v1"},"body":{"txnToken":"82d1da72ca5a44edbf442bc45b72e99e1789456353247","isPromoCodeValid":false,"resultInfo":{"resultStatus":"S","resultMsg":"Success","resultCode":"0000"},"extraParamsMap":{}}}
[2026-09-15T07:12:33.223Z] [PAYTM] INFO [NODE-SDK:1.0.0:ec8469d0-cebd-4bb6-b201-9e66e90dcc23] <Request>: validating signature 
[2026-09-15T07:12:33.223Z] [PAYTM] INFO [NODE-SDK:1.0.0:ec8469d0-cebd-4bb6-b201-9e66e90dcc23] <EncDecUtil>: verifyChecksumByString called()
[2026-09-15T07:12:33.224Z] [PAYTM] INFO [NODE-SDK:1.0.0:ec8469d0-cebd-4bb6-b201-9e66e90dcc23] <EncDecUtil>: verifyChecksumByString returns: true
[2026-09-15T07:12:33.225Z] [PAYTM] INFO [NODE-SDK:1.0.0:ec8469d0-cebd-4bb6-b201-9e66e90dcc23] <Request>: signature validation passed 
[2026-09-15T07:12:33.225Z] [PAYTM] INFO [NODE-SDK:1.0.0:ec8469d0-cebd-4bb6-b201-9e66e90dcc23] <Request>: Execution completed with raw json response: {"head":{"responseTimestamp":"1789456353406","version":"v1","signature":"PDJwU8dYZXXeM7xX1SOcBNSnWR2V49GoTWkXLz8cIx9+X+1ck9GlppU+eyC2sxh2H07rsR7ODlw6ngsDw+L+YmOLroPST9vr8ZNDLkkx2Ms="},"body":{"resultInfo":{"resultStatus":"S","resultCode":"0000","resultMsg":"Success"},"txnToken":"82d1da72ca5a44edbf442bc45b72e99e1789456353247","isPromoCodeValid":false,"authenticated":false}}
[2026-09-15T07:14:32.249Z] [PAYTM] INFO [NODE-SDK1.0.0] <MerchantProperties>: initialize called
[2026-09-15T07:14:32.252Z] [PAYTM] INFO [NODE-SDK1.0.0] <MerchantProperties>: Setting Environment for STAGE
[2026-09-15T07:14:49.041Z] [PAYTM] INFO [NODE-SDK:1.0.0:bba4a417-0dba-4faa-89de-9b53b7fa2100] <Payment>: In createTxnToken PaymentDetail: {"channelId":"WEB","orderId":"PAYTM_2_1789456489039","txnAmount":{"currency":"INR","value":"1000.00"},"userInfo":{"custId":"2"},"readTimeout":80000}
[2026-09-15T07:14:49.041Z] [PAYTM] INFO [NODE-SDK:1.0.0:bba4a417-0dba-4faa-89de-9b53b7fa2100] <Payment>: validatePaymentDetailsObject for object: {"channelId":"WEB","orderId":"PAYTM_2_1789456489039","txnAmount":{"currency":"INR","value":"1000.00"},"userInfo":{"custId":"2"},"readTimeout":80000}
[2026-09-15T07:14:49.041Z] [PAYTM] INFO [NODE-SDK:1.0.0:bba4a417-0dba-4faa-89de-9b53b7fa2100] <Payment>:  validatePaymentDetailsObject returns true 
[2026-09-15T07:14:49.042Z] [PAYTM] INFO [NODE-SDK:1.0.0:bba4a417-0dba-4faa-89de-9b53b7fa2100] <CommonUtil>: In getSecureRequestHeader
[2026-09-15T07:14:49.045Z] [PAYTM] INFO [NODE-SDK:1.0.0:bba4a417-0dba-4faa-89de-9b53b7fa2100] <Payment>: InitiateTransactionRequest object {"head":{"version":"v2","channelId":"WEB","requestTimestamp":"1789456489043","signature":null},"body":{"requestType":"Payment","mid":"fjuvBp93155030651834","orderId":"PAYTM_2_1789456489039","websiteName":"WEBSTAGING","txnAmount":{"currency":"INR","value":"1000.00"},"userInfo":{"custId":"2"},"callbackUrl":"https://overlaid-exact-gumball.ngrok-free.dev/api/payments/paytm/callback"}}
[2026-09-15T07:14:49.046Z] [PAYTM] INFO [NODE-SDK:1.0.0:bba4a417-0dba-4faa-89de-9b53b7fa2100] <EncDecUtil>: generateSignature() called
[2026-09-15T07:14:49.046Z] [PAYTM] INFO [NODE-SDK:1.0.0:bba4a417-0dba-4faa-89de-9b53b7fa2100] <EncDecUtil>: generateRandomString() called
[2026-09-15T07:14:49.048Z] [PAYTM] INFO [NODE-SDK:1.0.0:bba4a417-0dba-4faa-89de-9b53b7fa2100] <EncDecUtil>: generateSalt returns: 0mFf
[2026-09-15T07:14:49.050Z] [PAYTM] INFO [NODE-SDK:1.0.0:bba4a417-0dba-4faa-89de-9b53b7fa2100] <EncDecUtil>: getChecksumFromString returns: h6OayMu71p/bcNBC0IzK0IAXDImXS6kKKs+4nKT8yMoNFRKkt7ouKfbr8+MbMRoG+NCpJE5QtUA7iJMdqD6uZ0EE4oWypdR1i7fAPbWCEbs=
[2026-09-15T07:14:49.051Z] [PAYTM] INFO [NODE-SDK:1.0.0:bba4a417-0dba-4faa-89de-9b53b7fa2100] <Request>: process for request: {"head":{"version":"v2","channelId":"WEB","requestTimestamp":"1789456489043","signature":"h6OayMu71p/bcNBC0IzK0IAXDImXS6kKKs+4nKT8yMoNFRKkt7ouKfbr8+MbMRoG+NCpJE5QtUA7iJMdqD6uZ0EE4oWypdR1i7fAPbWCEbs="},"body":{"requestType":"Payment","mid":"fjuvBp93155030651834","orderId":"PAYTM_2_1789456489039","websiteName":"WEBSTAGING","txnAmount":{"currency":"INR","value":"1000.00"},"userInfo":{"custId":"2"},"callbackUrl":"https://overlaid-exact-gumball.ngrok-free.dev/api/payments/paytm/callback"}}
[2026-09-15T07:14:49.051Z] [PAYTM] INFO [NODE-SDK:1.0.0:bba4a417-0dba-4faa-89de-9b53b7fa2100] <Request>: executeCurl called 
[2026-09-15T07:14:49.052Z] [PAYTM] INFO [NODE-SDK:1.0.0:bba4a417-0dba-4faa-89de-9b53b7fa2100] <Request>: will make API call to: https://securestage.paytmpayments.com/theia/api/v1/initiateTransaction?mid=fjuvBp93155030651834&orderId=PAYTM_2_1789456489039
[2026-09-15T07:14:49.485Z] [PAYTM] INFO [NODE-SDK:1.0.0:bba4a417-0dba-4faa-89de-9b53b7fa2100] <Request>: API response received upon successful execution: {"head":{"responseTimestamp":"1789456489743","version":"v1","signature":"a4foURimZojmUBfkfVYVSusjd6FeQV4EGe9UGsop+B0yKHclnYn9syM6xj9nWWaWCsGY7T2mozwdMJcFPN8eQTfMdZu0dp8EyI7VU2IBfu0="},"body":{"resultInfo":{"resultStatus":"S","resultCode":"0000","resultMsg":"Success"},"txnToken":"952cae93b0344731bc8aea8c195858831789456489577","isPromoCodeValid":false,"authenticated":false}}
[2026-09-15T07:14:49.488Z] [PAYTM] INFO [NODE-SDK:1.0.0:bba4a417-0dba-4faa-89de-9b53b7fa2100] <Request>: Raw Response: {"head":{"responseTimestamp":"1789456489743","version":"v1","signature":"a4foURimZojmUBfkfVYVSusjd6FeQV4EGe9UGsop+B0yKHclnYn9syM6xj9nWWaWCsGY7T2mozwdMJcFPN8eQTfMdZu0dp8EyI7VU2IBfu0="},"body":{"resultInfo":{"resultStatus":"S","resultCode":"0000","resultMsg":"Success"},"txnToken":"952cae93b0344731bc8aea8c195858831789456489577","isPromoCodeValid":false,"authenticated":false}}
[2026-09-15T07:14:49.490Z] [PAYTM] INFO [NODE-SDK:1.0.0:bba4a417-0dba-4faa-89de-9b53b7fa2100] <Request>: Response Data Object: {"head":{"signature":"a4foURimZojmUBfkfVYVSusjd6FeQV4EGe9UGsop+B0yKHclnYn9syM6xj9nWWaWCsGY7T2mozwdMJcFPN8eQTfMdZu0dp8EyI7VU2IBfu0=","responseTimestamp":"1789456489743","version":"v1"},"body":{"txnToken":"952cae93b0344731bc8aea8c195858831789456489577","isPromoCodeValid":false,"resultInfo":{"resultStatus":"S","resultMsg":"Success","resultCode":"0000"},"extraParamsMap":{}}}
[2026-09-15T07:14:49.490Z] [PAYTM] INFO [NODE-SDK:1.0.0:bba4a417-0dba-4faa-89de-9b53b7fa2100] <Request>: validating signature 
[2026-09-15T07:14:49.490Z] [PAYTM] INFO [NODE-SDK:1.0.0:bba4a417-0dba-4faa-89de-9b53b7fa2100] <EncDecUtil>: verifyChecksumByString called()
[2026-09-15T07:14:49.491Z] [PAYTM] INFO [NODE-SDK:1.0.0:bba4a417-0dba-4faa-89de-9b53b7fa2100] <EncDecUtil>: verifyChecksumByString returns: true
[2026-09-15T07:14:49.491Z] [PAYTM] INFO [NODE-SDK:1.0.0:bba4a417-0dba-4faa-89de-9b53b7fa2100] <Request>: signature validation passed 
[2026-09-15T07:14:49.491Z] [PAYTM] INFO [NODE-SDK:1.0.0:bba4a417-0dba-4faa-89de-9b53b7fa2100] <Request>: Execution completed with raw json response: {"head":{"responseTimestamp":"1789456489743","version":"v1","signature":"a4foURimZojmUBfkfVYVSusjd6FeQV4EGe9UGsop+B0yKHclnYn9syM6xj9nWWaWCsGY7T2mozwdMJcFPN8eQTfMdZu0dp8EyI7VU2IBfu0="},"body":{"resultInfo":{"resultStatus":"S","resultCode":"0000","resultMsg":"Success"},"txnToken":"952cae93b0344731bc8aea8c195858831789456489577","isPromoCodeValid":false,"authenticated":false}}
[2026-09-15T07:19:42.879Z] [PAYTM] INFO [NODE-SDK1.0.0] <MerchantProperties>: initialize called
[2026-09-15T07:19:42.881Z] [PAYTM] INFO [NODE-SDK1.0.0] <MerchantProperties>: Setting Environment for STAGE
[2026-09-15T07:19:55.440Z] [PAYTM] INFO [NODE-SDK:1.0.0:b83588bf-c859-45fc-b6db-29c23047c660] <Payment>: In createTxnToken PaymentDetail: {"channelId":"WEB","orderId":"PAYTM_2_1789456795437","txnAmount":{"currency":"INR","value":"500.00"},"userInfo":{"custId":"2"},"readTimeout":80000}
[2026-09-15T07:19:55.441Z] [PAYTM] INFO [NODE-SDK:1.0.0:b83588bf-c859-45fc-b6db-29c23047c660] <Payment>: validatePaymentDetailsObject for object: {"channelId":"WEB","orderId":"PAYTM_2_1789456795437","txnAmount":{"currency":"INR","value":"500.00"},"userInfo":{"custId":"2"},"readTimeout":80000}
[2026-09-15T07:19:55.441Z] [PAYTM] INFO [NODE-SDK:1.0.0:b83588bf-c859-45fc-b6db-29c23047c660] <Payment>:  validatePaymentDetailsObject returns true 
[2026-09-15T07:19:55.442Z] [PAYTM] INFO [NODE-SDK:1.0.0:b83588bf-c859-45fc-b6db-29c23047c660] <CommonUtil>: In getSecureRequestHeader
[2026-09-15T07:19:55.445Z] [PAYTM] INFO [NODE-SDK:1.0.0:b83588bf-c859-45fc-b6db-29c23047c660] <Payment>: InitiateTransactionRequest object {"head":{"version":"v2","channelId":"WEB","requestTimestamp":"1789456795443","signature":null},"body":{"requestType":"Payment","mid":"fjuvBp93155030651834","orderId":"PAYTM_2_1789456795437","websiteName":"WEBSTAGING","txnAmount":{"currency":"INR","value":"500.00"},"userInfo":{"custId":"2"},"callbackUrl":"https://overlaid-exact-gumball.ngrok-free.dev/api/payments/paytm/callback"}}
[2026-09-15T07:19:55.446Z] [PAYTM] INFO [NODE-SDK:1.0.0:b83588bf-c859-45fc-b6db-29c23047c660] <EncDecUtil>: generateSignature() called
[2026-09-15T07:19:55.446Z] [PAYTM] INFO [NODE-SDK:1.0.0:b83588bf-c859-45fc-b6db-29c23047c660] <EncDecUtil>: generateRandomString() called
[2026-09-15T07:19:55.449Z] [PAYTM] INFO [NODE-SDK:1.0.0:b83588bf-c859-45fc-b6db-29c23047c660] <EncDecUtil>: generateSalt returns: E+ws
[2026-09-15T07:19:55.453Z] [PAYTM] INFO [NODE-SDK:1.0.0:b83588bf-c859-45fc-b6db-29c23047c660] <EncDecUtil>: getChecksumFromString returns: TdZ16Hbj+IROUNZ8TqYPtSZ5il60PJWQceXFPIA+/SLZIJeRAqLxcxbmziX+0GN6NeTVzKrIvdEiyB9Aym1VV4lS+ZJ+bQ1oJ+CTK86cNuE=
[2026-09-15T07:19:55.454Z] [PAYTM] INFO [NODE-SDK:1.0.0:b83588bf-c859-45fc-b6db-29c23047c660] <Request>: process for request: {"head":{"version":"v2","channelId":"WEB","requestTimestamp":"1789456795443","signature":"TdZ16Hbj+IROUNZ8TqYPtSZ5il60PJWQceXFPIA+/SLZIJeRAqLxcxbmziX+0GN6NeTVzKrIvdEiyB9Aym1VV4lS+ZJ+bQ1oJ+CTK86cNuE="},"body":{"requestType":"Payment","mid":"fjuvBp93155030651834","orderId":"PAYTM_2_1789456795437","websiteName":"WEBSTAGING","txnAmount":{"currency":"INR","value":"500.00"},"userInfo":{"custId":"2"},"callbackUrl":"https://overlaid-exact-gumball.ngrok-free.dev/api/payments/paytm/callback"}}
[2026-09-15T07:19:55.455Z] [PAYTM] INFO [NODE-SDK:1.0.0:b83588bf-c859-45fc-b6db-29c23047c660] <Request>: executeCurl called 
[2026-09-15T07:19:55.455Z] [PAYTM] INFO [NODE-SDK:1.0.0:b83588bf-c859-45fc-b6db-29c23047c660] <Request>: will make API call to: https://securestage.paytmpayments.com/theia/api/v1/initiateTransaction?mid=fjuvBp93155030651834&orderId=PAYTM_2_1789456795437
[2026-09-15T07:19:55.976Z] [PAYTM] INFO [NODE-SDK:1.0.0:b83588bf-c859-45fc-b6db-29c23047c660] <Request>: API response received upon successful execution: {"head":{"responseTimestamp":"1789456796256","version":"v1","signature":"rU8V9X2Ufh2OHGalJjtzr74BQt21EeQbm0BA//Y1EczSIpNq/IgSCTRNWN0g5rcVtYcUqXiEWAV6JBLn1q8kuTNq2uITaLk8GWquZemyevQ="},"body":{"resultInfo":{"resultStatus":"S","resultCode":"0000","resultMsg":"Success"},"txnToken":"660978e267f048b4be91c5b8779a86f11789456795988","isPromoCodeValid":false,"authenticated":false}}
[2026-09-15T07:19:55.978Z] [PAYTM] INFO [NODE-SDK:1.0.0:b83588bf-c859-45fc-b6db-29c23047c660] <Request>: Raw Response: {"head":{"responseTimestamp":"1789456796256","version":"v1","signature":"rU8V9X2Ufh2OHGalJjtzr74BQt21EeQbm0BA//Y1EczSIpNq/IgSCTRNWN0g5rcVtYcUqXiEWAV6JBLn1q8kuTNq2uITaLk8GWquZemyevQ="},"body":{"resultInfo":{"resultStatus":"S","resultCode":"0000","resultMsg":"Success"},"txnToken":"660978e267f048b4be91c5b8779a86f11789456795988","isPromoCodeValid":false,"authenticated":false}}
[2026-09-15T07:19:55.979Z] [PAYTM] INFO [NODE-SDK:1.0.0:b83588bf-c859-45fc-b6db-29c23047c660] <Request>: Response Data Object: {"head":{"signature":"rU8V9X2Ufh2OHGalJjtzr74BQt21EeQbm0BA//Y1EczSIpNq/IgSCTRNWN0g5rcVtYcUqXiEWAV6JBLn1q8kuTNq2uITaLk8GWquZemyevQ=","responseTimestamp":"1789456796256","version":"v1"},"body":{"txnToken":"660978e267f048b4be91c5b8779a86f11789456795988","isPromoCodeValid":false,"resultInfo":{"resultStatus":"S","resultMsg":"Success","resultCode":"0000"},"extraParamsMap":{}}}
[2026-09-15T07:19:55.979Z] [PAYTM] INFO [NODE-SDK:1.0.0:b83588bf-c859-45fc-b6db-29c23047c660] <Request>: validating signature 
[2026-09-15T07:19:55.979Z] [PAYTM] INFO [NODE-SDK:1.0.0:b83588bf-c859-45fc-b6db-29c23047c660] <EncDecUtil>: verifyChecksumByString called()
[2026-09-15T07:19:55.980Z] [PAYTM] INFO [NODE-SDK:1.0.0:b83588bf-c859-45fc-b6db-29c23047c660] <EncDecUtil>: verifyChecksumByString returns: true
[2026-09-15T07:19:55.980Z] [PAYTM] INFO [NODE-SDK:1.0.0:b83588bf-c859-45fc-b6db-29c23047c660] <Request>: signature validation passed 
[2026-09-15T07:19:55.980Z] [PAYTM] INFO [NODE-SDK:1.0.0:b83588bf-c859-45fc-b6db-29c23047c660] <Request>: Execution completed with raw json response: {"head":{"responseTimestamp":"1789456796256","version":"v1","signature":"rU8V9X2Ufh2OHGalJjtzr74BQt21EeQbm0BA//Y1EczSIpNq/IgSCTRNWN0g5rcVtYcUqXiEWAV6JBLn1q8kuTNq2uITaLk8GWquZemyevQ="},"body":{"resultInfo":{"resultStatus":"S","resultCode":"0000","resultMsg":"Success"},"txnToken":"660978e267f048b4be91c5b8779a86f11789456795988","isPromoCodeValid":false,"authenticated":false}}
[2026-09-15T07:29:36.344Z] [PAYTM] INFO [NODE-SDK1.0.0] <MerchantProperties>: initialize called
[2026-09-15T07:29:36.346Z] [PAYTM] INFO [NODE-SDK1.0.0] <MerchantProperties>: Setting Environment for STAGE
[2026-09-15T10:05:07.139Z] [PAYTM] INFO [NODE-SDK1.0.0] <MerchantProperties>: initialize called
[2026-09-15T10:05:07.140Z] [PAYTM] INFO [NODE-SDK1.0.0] <MerchantProperties>: Setting Environment for STAGE
[2026-09-15T10:05:20.197Z] [PAYTM] INFO [NODE-SDK:1.0.0:e8fb2a51-5d22-48cd-af5d-0929888ff006] <Payment>: In createTxnToken PaymentDetail: {"channelId":"WEB","orderId":"PAYTM_2_1789466720192","txnAmount":{"currency":"INR","value":"500.00"},"userInfo":{"custId":"2"},"readTimeout":80000}
[2026-09-15T10:05:20.197Z] [PAYTM] INFO [NODE-SDK:1.0.0:e8fb2a51-5d22-48cd-af5d-0929888ff006] <Payment>: validatePaymentDetailsObject for object: {"channelId":"WEB","orderId":"PAYTM_2_1789466720192","txnAmount":{"currency":"INR","value":"500.00"},"userInfo":{"custId":"2"},"readTimeout":80000}
[2026-09-15T10:05:20.198Z] [PAYTM] INFO [NODE-SDK:1.0.0:e8fb2a51-5d22-48cd-af5d-0929888ff006] <Payment>:  validatePaymentDetailsObject returns true 
[2026-09-15T10:05:20.199Z] [PAYTM] INFO [NODE-SDK:1.0.0:e8fb2a51-5d22-48cd-af5d-0929888ff006] <CommonUtil>: In getSecureRequestHeader
[2026-09-15T10:05:20.202Z] [PAYTM] INFO [NODE-SDK:1.0.0:e8fb2a51-5d22-48cd-af5d-0929888ff006] <Payment>: InitiateTransactionRequest object {"head":{"version":"v2","channelId":"WEB","requestTimestamp":"1789466720199","signature":null},"body":{"requestType":"Payment","mid":"fjuvBp93155030651834","orderId":"PAYTM_2_1789466720192","websiteName":"WEBSTAGING","txnAmount":{"currency":"INR","value":"500.00"},"userInfo":{"custId":"2"},"callbackUrl":"https://overlaid-exact-gumball.ngrok-free.dev/api/payments/paytm/callback"}}
[2026-09-15T10:05:20.203Z] [PAYTM] INFO [NODE-SDK:1.0.0:e8fb2a51-5d22-48cd-af5d-0929888ff006] <EncDecUtil>: generateSignature() called
[2026-09-15T10:05:20.203Z] [PAYTM] INFO [NODE-SDK:1.0.0:e8fb2a51-5d22-48cd-af5d-0929888ff006] <EncDecUtil>: generateRandomString() called
[2026-09-15T10:05:20.208Z] [PAYTM] INFO [NODE-SDK:1.0.0:e8fb2a51-5d22-48cd-af5d-0929888ff006] <EncDecUtil>: generateSalt returns: KagD
[2026-09-15T10:05:20.214Z] [PAYTM] INFO [NODE-SDK:1.0.0:e8fb2a51-5d22-48cd-af5d-0929888ff006] <EncDecUtil>: getChecksumFromString returns: mulUwXbYQrSvzpu/fsdATrHzaeMXnHnaCFrAIg1/G8n5ZjpmOsqiHCIMMRU5t8iRgy+tzawz2XnhYlndUajBLStz4vbGhKf6E5g4lniZalY=
[2026-09-15T10:05:20.215Z] [PAYTM] INFO [NODE-SDK:1.0.0:e8fb2a51-5d22-48cd-af5d-0929888ff006] <Request>: process for request: {"head":{"version":"v2","channelId":"WEB","requestTimestamp":"1789466720199","signature":"mulUwXbYQrSvzpu/fsdATrHzaeMXnHnaCFrAIg1/G8n5ZjpmOsqiHCIMMRU5t8iRgy+tzawz2XnhYlndUajBLStz4vbGhKf6E5g4lniZalY="},"body":{"requestType":"Payment","mid":"fjuvBp93155030651834","orderId":"PAYTM_2_1789466720192","websiteName":"WEBSTAGING","txnAmount":{"currency":"INR","value":"500.00"},"userInfo":{"custId":"2"},"callbackUrl":"https://overlaid-exact-gumball.ngrok-free.dev/api/payments/paytm/callback"}}
[2026-09-15T10:05:20.215Z] [PAYTM] INFO [NODE-SDK:1.0.0:e8fb2a51-5d22-48cd-af5d-0929888ff006] <Request>: executeCurl called 
[2026-09-15T10:05:20.216Z] [PAYTM] INFO [NODE-SDK:1.0.0:e8fb2a51-5d22-48cd-af5d-0929888ff006] <Request>: will make API call to: https://securestage.paytmpayments.com/theia/api/v1/initiateTransaction?mid=fjuvBp93155030651834&orderId=PAYTM_2_1789466720192
[2026-09-15T10:05:20.915Z] [PAYTM] INFO [NODE-SDK:1.0.0:e8fb2a51-5d22-48cd-af5d-0929888ff006] <Request>: API response received upon successful execution: {"head":{"responseTimestamp":"1789466721143","version":"v1","signature":"XiIwqYMVgYXa1wuCq4qt/XinYAqtbyN8K1llEGveBy2jJgmBW/VlWo6iREzBFfZQk6qVOvczwUGahJ17iFjrQSKkliJxBgm0gdFiGVwcd9k="},"body":{"resultInfo":{"resultStatus":"S","resultCode":"0000","resultMsg":"Success"},"txnToken":"a9cf3f2958d1468bb2479138b36fbc271789466720839","isPromoCodeValid":false,"authenticated":false}}
[2026-09-15T10:05:20.917Z] [PAYTM] INFO [NODE-SDK:1.0.0:e8fb2a51-5d22-48cd-af5d-0929888ff006] <Request>: Raw Response: {"head":{"responseTimestamp":"1789466721143","version":"v1","signature":"XiIwqYMVgYXa1wuCq4qt/XinYAqtbyN8K1llEGveBy2jJgmBW/VlWo6iREzBFfZQk6qVOvczwUGahJ17iFjrQSKkliJxBgm0gdFiGVwcd9k="},"body":{"resultInfo":{"resultStatus":"S","resultCode":"0000","resultMsg":"Success"},"txnToken":"a9cf3f2958d1468bb2479138b36fbc271789466720839","isPromoCodeValid":false,"authenticated":false}}
[2026-09-15T10:05:20.919Z] [PAYTM] INFO [NODE-SDK:1.0.0:e8fb2a51-5d22-48cd-af5d-0929888ff006] <Request>: Response Data Object: {"head":{"signature":"XiIwqYMVgYXa1wuCq4qt/XinYAqtbyN8K1llEGveBy2jJgmBW/VlWo6iREzBFfZQk6qVOvczwUGahJ17iFjrQSKkliJxBgm0gdFiGVwcd9k=","responseTimestamp":"1789466721143","version":"v1"},"body":{"txnToken":"a9cf3f2958d1468bb2479138b36fbc271789466720839","isPromoCodeValid":false,"resultInfo":{"resultStatus":"S","resultMsg":"Success","resultCode":"0000"},"extraParamsMap":{}}}
[2026-09-15T10:05:20.920Z] [PAYTM] INFO [NODE-SDK:1.0.0:e8fb2a51-5d22-48cd-af5d-0929888ff006] <Request>: validating signature 
[2026-09-15T10:05:20.920Z] [PAYTM] INFO [NODE-SDK:1.0.0:e8fb2a51-5d22-48cd-af5d-0929888ff006] <EncDecUtil>: verifyChecksumByString called()
[2026-09-15T10:05:20.920Z] [PAYTM] INFO [NODE-SDK:1.0.0:e8fb2a51-5d22-48cd-af5d-0929888ff006] <EncDecUtil>: verifyChecksumByString returns: true
[2026-09-15T10:05:20.920Z] [PAYTM] INFO [NODE-SDK:1.0.0:e8fb2a51-5d22-48cd-af5d-0929888ff006] <Request>: signature validation passed 
[2026-09-15T10:05:20.920Z] [PAYTM] INFO [NODE-SDK:1.0.0:e8fb2a51-5d22-48cd-af5d-0929888ff006] <Request>: Execution completed with raw json response: {"head":{"responseTimestamp":"1789466721143","version":"v1","signature":"XiIwqYMVgYXa1wuCq4qt/XinYAqtbyN8K1llEGveBy2jJgmBW/VlWo6iREzBFfZQk6qVOvczwUGahJ17iFjrQSKkliJxBgm0gdFiGVwcd9k="},"body":{"resultInfo":{"resultStatus":"S","resultCode":"0000","resultMsg":"Success"},"txnToken":"a9cf3f2958d1468bb2479138b36fbc271789466720839","isPromoCodeValid":false,"authenticated":false}}
[2026-09-15T10:07:53.235Z] [PAYTM] INFO [NODE-SDK1.0.0] <MerchantProperties>: initialize called
[2026-09-15T10:07:53.237Z] [PAYTM] INFO [NODE-SDK1.0.0] <MerchantProperties>: Setting Environment for STAGE
[2026-09-15T10:08:23.822Z] [PAYTM] INFO [NODE-SDK:1.0.0:181f13de-0047-4fb3-ba6e-e620370bbb70] <Payment>: In createTxnToken PaymentDetail: {"channelId":"WEB","orderId":"PAYTM_2_1789466903820","txnAmount":{"currency":"INR","value":"500.00"},"userInfo":{"custId":"2"},"readTimeout":80000}
[2026-09-15T10:08:23.823Z] [PAYTM] INFO [NODE-SDK:1.0.0:181f13de-0047-4fb3-ba6e-e620370bbb70] <Payment>: validatePaymentDetailsObject for object: {"channelId":"WEB","orderId":"PAYTM_2_1789466903820","txnAmount":{"currency":"INR","value":"500.00"},"userInfo":{"custId":"2"},"readTimeout":80000}
[2026-09-15T10:08:23.823Z] [PAYTM] INFO [NODE-SDK:1.0.0:181f13de-0047-4fb3-ba6e-e620370bbb70] <Payment>:  validatePaymentDetailsObject returns true 
[2026-09-15T10:08:23.823Z] [PAYTM] INFO [NODE-SDK:1.0.0:181f13de-0047-4fb3-ba6e-e620370bbb70] <CommonUtil>: In getSecureRequestHeader
[2026-09-15T10:08:23.826Z] [PAYTM] INFO [NODE-SDK:1.0.0:181f13de-0047-4fb3-ba6e-e620370bbb70] <Payment>: InitiateTransactionRequest object {"head":{"version":"v2","channelId":"WEB","requestTimestamp":"1789466903824","signature":null},"body":{"requestType":"Payment","mid":"fjuvBp93155030651834","orderId":"PAYTM_2_1789466903820","websiteName":"WEBSTAGING","txnAmount":{"currency":"INR","value":"500.00"},"userInfo":{"custId":"2"},"callbackUrl":"https://overlaid-exact-gumball.ngrok-free.dev/api/payments/paytm/callback"}}
[2026-09-15T10:08:23.827Z] [PAYTM] INFO [NODE-SDK:1.0.0:181f13de-0047-4fb3-ba6e-e620370bbb70] <EncDecUtil>: generateSignature() called
[2026-09-15T10:08:23.827Z] [PAYTM] INFO [NODE-SDK:1.0.0:181f13de-0047-4fb3-ba6e-e620370bbb70] <EncDecUtil>: generateRandomString() called
[2026-09-15T10:08:23.829Z] [PAYTM] INFO [NODE-SDK:1.0.0:181f13de-0047-4fb3-ba6e-e620370bbb70] <EncDecUtil>: generateSalt returns: auL5
[2026-09-15T10:08:23.831Z] [PAYTM] INFO [NODE-SDK:1.0.0:181f13de-0047-4fb3-ba6e-e620370bbb70] <EncDecUtil>: getChecksumFromString returns: SRgSWWMFRXaa7PhZgXsVDdODrYmDdxy1KDI7fvDzvsDR93sCNbK74y2JBJZ1SMfn7Rzpg8REZpGkqlIkczGPbZB81Xh/yJ8WmUmXlBxUCxQ=
[2026-09-15T10:08:23.831Z] [PAYTM] INFO [NODE-SDK:1.0.0:181f13de-0047-4fb3-ba6e-e620370bbb70] <Request>: process for request: {"head":{"version":"v2","channelId":"WEB","requestTimestamp":"1789466903824","signature":"SRgSWWMFRXaa7PhZgXsVDdODrYmDdxy1KDI7fvDzvsDR93sCNbK74y2JBJZ1SMfn7Rzpg8REZpGkqlIkczGPbZB81Xh/yJ8WmUmXlBxUCxQ="},"body":{"requestType":"Payment","mid":"fjuvBp93155030651834","orderId":"PAYTM_2_1789466903820","websiteName":"WEBSTAGING","txnAmount":{"currency":"INR","value":"500.00"},"userInfo":{"custId":"2"},"callbackUrl":"https://overlaid-exact-gumball.ngrok-free.dev/api/payments/paytm/callback"}}
[2026-09-15T10:08:23.832Z] [PAYTM] INFO [NODE-SDK:1.0.0:181f13de-0047-4fb3-ba6e-e620370bbb70] <Request>: executeCurl called 
[2026-09-15T10:08:23.832Z] [PAYTM] INFO [NODE-SDK:1.0.0:181f13de-0047-4fb3-ba6e-e620370bbb70] <Request>: will make API call to: https://securestage.paytmpayments.com/theia/api/v1/initiateTransaction?mid=fjuvBp93155030651834&orderId=PAYTM_2_1789466903820
[2026-09-15T10:08:24.273Z] [PAYTM] INFO [NODE-SDK:1.0.0:181f13de-0047-4fb3-ba6e-e620370bbb70] <Request>: API response received upon successful execution: {"head":{"responseTimestamp":"1789466904469","version":"v1","signature":"DR7MjfBpsBQHThZqHB8HWsJdI6AsVDh7GFm5alxsZM7HyUIa4gmLde6ONRhew8i+BIWDFG7UV3FOKTQimsxzCpU4fAZ7+99fh+k0plVkapY="},"body":{"resultInfo":{"resultStatus":"S","resultCode":"0000","resultMsg":"Success"},"txnToken":"9db42298e2d240f1a59ab6bad91fdded1789466904242","isPromoCodeValid":false,"authenticated":false}}
[2026-09-15T10:08:24.276Z] [PAYTM] INFO [NODE-SDK:1.0.0:181f13de-0047-4fb3-ba6e-e620370bbb70] <Request>: Raw Response: {"head":{"responseTimestamp":"1789466904469","version":"v1","signature":"DR7MjfBpsBQHThZqHB8HWsJdI6AsVDh7GFm5alxsZM7HyUIa4gmLde6ONRhew8i+BIWDFG7UV3FOKTQimsxzCpU4fAZ7+99fh+k0plVkapY="},"body":{"resultInfo":{"resultStatus":"S","resultCode":"0000","resultMsg":"Success"},"txnToken":"9db42298e2d240f1a59ab6bad91fdded1789466904242","isPromoCodeValid":false,"authenticated":false}}
[2026-09-15T10:08:24.279Z] [PAYTM] INFO [NODE-SDK:1.0.0:181f13de-0047-4fb3-ba6e-e620370bbb70] <Request>: Response Data Object: {"head":{"signature":"DR7MjfBpsBQHThZqHB8HWsJdI6AsVDh7GFm5alxsZM7HyUIa4gmLde6ONRhew8i+BIWDFG7UV3FOKTQimsxzCpU4fAZ7+99fh+k0plVkapY=","responseTimestamp":"1789466904469","version":"v1"},"body":{"txnToken":"9db42298e2d240f1a59ab6bad91fdded1789466904242","isPromoCodeValid":false,"resultInfo":{"resultStatus":"S","resultMsg":"Success","resultCode":"0000"},"extraParamsMap":{}}}
[2026-09-15T10:08:24.279Z] [PAYTM] INFO [NODE-SDK:1.0.0:181f13de-0047-4fb3-ba6e-e620370bbb70] <Request>: validating signature 
[2026-09-15T10:08:24.279Z] [PAYTM] INFO [NODE-SDK:1.0.0:181f13de-0047-4fb3-ba6e-e620370bbb70] <EncDecUtil>: verifyChecksumByString called()
[2026-09-15T10:08:24.280Z] [PAYTM] INFO [NODE-SDK:1.0.0:181f13de-0047-4fb3-ba6e-e620370bbb70] <EncDecUtil>: verifyChecksumByString returns: true
[2026-09-15T10:08:24.280Z] [PAYTM] INFO [NODE-SDK:1.0.0:181f13de-0047-4fb3-ba6e-e620370bbb70] <Request>: signature validation passed 
[2026-09-15T10:08:24.281Z] [PAYTM] INFO [NODE-SDK:1.0.0:181f13de-0047-4fb3-ba6e-e620370bbb70] <Request>: Execution completed with raw json response: {"head":{"responseTimestamp":"1789466904469","version":"v1","signature":"DR7MjfBpsBQHThZqHB8HWsJdI6AsVDh7GFm5alxsZM7HyUIa4gmLde6ONRhew8i+BIWDFG7UV3FOKTQimsxzCpU4fAZ7+99fh+k0plVkapY="},"body":{"resultInfo":{"resultStatus":"S","resultCode":"0000","resultMsg":"Success"},"txnToken":"9db42298e2d240f1a59ab6bad91fdded1789466904242","isPromoCodeValid":false,"authenticated":false}}
[2026-09-15T10:14:03.164Z] [PAYTM] INFO [NODE-SDK1.0.0] <MerchantProperties>: initialize called
[2026-09-15T10:14:03.165Z] [PAYTM] INFO [NODE-SDK1.0.0] <MerchantProperties>: Setting Environment for STAGE
[2026-09-15T10:14:22.504Z] [PAYTM] INFO [NODE-SDK:1.0.0:d935d57d-2285-4db1-989d-f16701fb66e7] <Payment>: In createTxnToken PaymentDetail: {"channelId":"WEB","orderId":"PAYTM_2_1789467262501","txnAmount":{"currency":"INR","value":"500.00"},"userInfo":{"custId":"2"},"readTimeout":80000}
[2026-09-15T10:14:22.505Z] [PAYTM] INFO [NODE-SDK:1.0.0:d935d57d-2285-4db1-989d-f16701fb66e7] <Payment>: validatePaymentDetailsObject for object: {"channelId":"WEB","orderId":"PAYTM_2_1789467262501","txnAmount":{"currency":"INR","value":"500.00"},"userInfo":{"custId":"2"},"readTimeout":80000}
[2026-09-15T10:14:22.505Z] [PAYTM] INFO [NODE-SDK:1.0.0:d935d57d-2285-4db1-989d-f16701fb66e7] <Payment>:  validatePaymentDetailsObject returns true 
[2026-09-15T10:14:22.506Z] [PAYTM] INFO [NODE-SDK:1.0.0:d935d57d-2285-4db1-989d-f16701fb66e7] <CommonUtil>: In getSecureRequestHeader
[2026-09-15T10:14:22.509Z] [PAYTM] INFO [NODE-SDK:1.0.0:d935d57d-2285-4db1-989d-f16701fb66e7] <Payment>: InitiateTransactionRequest object {"head":{"version":"v2","channelId":"WEB","requestTimestamp":"1789467262506","signature":null},"body":{"requestType":"Payment","mid":"fjuvBp93155030651834","orderId":"PAYTM_2_1789467262501","websiteName":"WEBSTAGING","txnAmount":{"currency":"INR","value":"500.00"},"userInfo":{"custId":"2"},"callbackUrl":"https://overlaid-exact-gumball.ngrok-free.dev/api/payments/paytm/callback"}}
[2026-09-15T10:14:22.510Z] [PAYTM] INFO [NODE-SDK:1.0.0:d935d57d-2285-4db1-989d-f16701fb66e7] <EncDecUtil>: generateSignature() called
[2026-09-15T10:14:22.510Z] [PAYTM] INFO [NODE-SDK:1.0.0:d935d57d-2285-4db1-989d-f16701fb66e7] <EncDecUtil>: generateRandomString() called
[2026-09-15T10:14:22.512Z] [PAYTM] INFO [NODE-SDK:1.0.0:d935d57d-2285-4db1-989d-f16701fb66e7] <EncDecUtil>: generateSalt returns: nO6B
[2026-09-15T10:14:22.516Z] [PAYTM] INFO [NODE-SDK:1.0.0:d935d57d-2285-4db1-989d-f16701fb66e7] <EncDecUtil>: getChecksumFromString returns: j5Jfg+TuEuiPNd7Ly1GAhVHeGrkdnzviIiFawZSnCK5CpewOrF1ggDjebqSGuGWSGJBAcVKAisl2R5ocMDFXzq9AhhMDGz24foBujcYdIjE=
[2026-09-15T10:14:22.517Z] [PAYTM] INFO [NODE-SDK:1.0.0:d935d57d-2285-4db1-989d-f16701fb66e7] <Request>: process for request: {"head":{"version":"v2","channelId":"WEB","requestTimestamp":"1789467262506","signature":"j5Jfg+TuEuiPNd7Ly1GAhVHeGrkdnzviIiFawZSnCK5CpewOrF1ggDjebqSGuGWSGJBAcVKAisl2R5ocMDFXzq9AhhMDGz24foBujcYdIjE="},"body":{"requestType":"Payment","mid":"fjuvBp93155030651834","orderId":"PAYTM_2_1789467262501","websiteName":"WEBSTAGING","txnAmount":{"currency":"INR","value":"500.00"},"userInfo":{"custId":"2"},"callbackUrl":"https://overlaid-exact-gumball.ngrok-free.dev/api/payments/paytm/callback"}}
[2026-09-15T10:14:22.518Z] [PAYTM] INFO [NODE-SDK:1.0.0:d935d57d-2285-4db1-989d-f16701fb66e7] <Request>: executeCurl called 
[2026-09-15T10:14:22.518Z] [PAYTM] INFO [NODE-SDK:1.0.0:d935d57d-2285-4db1-989d-f16701fb66e7] <Request>: will make API call to: https://securestage.paytmpayments.com/theia/api/v1/initiateTransaction?mid=fjuvBp93155030651834&orderId=PAYTM_2_1789467262501
[2026-09-15T10:14:22.862Z] [PAYTM] INFO [NODE-SDK:1.0.0:d935d57d-2285-4db1-989d-f16701fb66e7] <Request>: API response received upon successful execution: {"head":{"responseTimestamp":"1789467263085","version":"v1","signature":"SS6qgfrEdBEBkA5fosUUBnAHTCgZ96B9AqjbCOIEJGssNaDlSbbiDjrTmr6lbhX4vhH1XL0powor3cLDihNA8TkvfUxwh0HwzUZmGktzlk8="},"body":{"resultInfo":{"resultStatus":"S","resultCode":"0000","resultMsg":"Success"},"txnToken":"10e8e6214c114345989b4d670de920541789467262932","isPromoCodeValid":false,"authenticated":false}}
[2026-09-15T10:14:22.864Z] [PAYTM] INFO [NODE-SDK:1.0.0:d935d57d-2285-4db1-989d-f16701fb66e7] <Request>: Raw Response: {"head":{"responseTimestamp":"1789467263085","version":"v1","signature":"SS6qgfrEdBEBkA5fosUUBnAHTCgZ96B9AqjbCOIEJGssNaDlSbbiDjrTmr6lbhX4vhH1XL0powor3cLDihNA8TkvfUxwh0HwzUZmGktzlk8="},"body":{"resultInfo":{"resultStatus":"S","resultCode":"0000","resultMsg":"Success"},"txnToken":"10e8e6214c114345989b4d670de920541789467262932","isPromoCodeValid":false,"authenticated":false}}
[2026-09-15T10:14:22.865Z] [PAYTM] INFO [NODE-SDK:1.0.0:d935d57d-2285-4db1-989d-f16701fb66e7] <Request>: Response Data Object: {"head":{"signature":"SS6qgfrEdBEBkA5fosUUBnAHTCgZ96B9AqjbCOIEJGssNaDlSbbiDjrTmr6lbhX4vhH1XL0powor3cLDihNA8TkvfUxwh0HwzUZmGktzlk8=","responseTimestamp":"1789467263085","version":"v1"},"body":{"txnToken":"10e8e6214c114345989b4d670de920541789467262932","isPromoCodeValid":false,"resultInfo":{"resultStatus":"S","resultMsg":"Success","resultCode":"0000"},"extraParamsMap":{}}}
[2026-09-15T10:14:22.866Z] [PAYTM] INFO [NODE-SDK:1.0.0:d935d57d-2285-4db1-989d-f16701fb66e7] <Request>: validating signature 
[2026-09-15T10:14:22.866Z] [PAYTM] INFO [NODE-SDK:1.0.0:d935d57d-2285-4db1-989d-f16701fb66e7] <EncDecUtil>: verifyChecksumByString called()
[2026-09-15T10:14:22.866Z] [PAYTM] INFO [NODE-SDK:1.0.0:d935d57d-2285-4db1-989d-f16701fb66e7] <EncDecUtil>: verifyChecksumByString returns: true
[2026-09-15T10:14:22.866Z] [PAYTM] INFO [NODE-SDK:1.0.0:d935d57d-2285-4db1-989d-f16701fb66e7] <Request>: signature validation passed 
[2026-09-15T10:14:22.866Z] [PAYTM] INFO [NODE-SDK:1.0.0:d935d57d-2285-4db1-989d-f16701fb66e7] <Request>: Execution completed with raw json response: {"head":{"responseTimestamp":"1789467263085","version":"v1","signature":"SS6qgfrEdBEBkA5fosUUBnAHTCgZ96B9AqjbCOIEJGssNaDlSbbiDjrTmr6lbhX4vhH1XL0powor3cLDihNA8TkvfUxwh0HwzUZmGktzlk8="},"body":{"resultInfo":{"resultStatus":"S","resultCode":"0000","resultMsg":"Success"},"txnToken":"10e8e6214c114345989b4d670de920541789467262932","isPromoCodeValid":false,"authenticated":false}}
[2026-09-15T10:16:49.767Z] [PAYTM] INFO [NODE-SDK1.0.0] <MerchantProperties>: initialize called
[2026-09-15T10:16:49.768Z] [PAYTM] INFO [NODE-SDK1.0.0] <MerchantProperties>: Setting Environment for STAGE
[2026-09-15T10:17:06.743Z] [PAYTM] INFO [NODE-SDK:1.0.0:1a8b74da-98a4-417a-ac56-5dc747a4d618] <Payment>: In createTxnToken PaymentDetail: {"channelId":"WEB","orderId":"PAYTM_2_1789467426740","txnAmount":{"currency":"INR","value":"500.00"},"userInfo":{"custId":"2"},"readTimeout":80000}
[2026-09-15T10:17:06.743Z] [PAYTM] INFO [NODE-SDK:1.0.0:1a8b74da-98a4-417a-ac56-5dc747a4d618] <Payment>: validatePaymentDetailsObject for object: {"channelId":"WEB","orderId":"PAYTM_2_1789467426740","txnAmount":{"currency":"INR","value":"500.00"},"userInfo":{"custId":"2"},"readTimeout":80000}
[2026-09-15T10:17:06.744Z] [PAYTM] INFO [NODE-SDK:1.0.0:1a8b74da-98a4-417a-ac56-5dc747a4d618] <Payment>:  validatePaymentDetailsObject returns true 
[2026-09-15T10:17:06.744Z] [PAYTM] INFO [NODE-SDK:1.0.0:1a8b74da-98a4-417a-ac56-5dc747a4d618] <CommonUtil>: In getSecureRequestHeader
[2026-09-15T10:17:06.747Z] [PAYTM] INFO [NODE-SDK:1.0.0:1a8b74da-98a4-417a-ac56-5dc747a4d618] <Payment>: InitiateTransactionRequest object {"head":{"version":"v2","channelId":"WEB","requestTimestamp":"1789467426744","signature":null},"body":{"requestType":"Payment","mid":"fjuvBp93155030651834","orderId":"PAYTM_2_1789467426740","websiteName":"WEBSTAGING","txnAmount":{"currency":"INR","value":"500.00"},"userInfo":{"custId":"2"},"callbackUrl":"https://overlaid-exact-gumball.ngrok-free.dev/api/payments/paytm/callback"}}
[2026-09-15T10:17:06.747Z] [PAYTM] INFO [NODE-SDK:1.0.0:1a8b74da-98a4-417a-ac56-5dc747a4d618] <EncDecUtil>: generateSignature() called
[2026-09-15T10:17:06.748Z] [PAYTM] INFO [NODE-SDK:1.0.0:1a8b74da-98a4-417a-ac56-5dc747a4d618] <EncDecUtil>: generateRandomString() called
[2026-09-15T10:17:06.752Z] [PAYTM] INFO [NODE-SDK:1.0.0:1a8b74da-98a4-417a-ac56-5dc747a4d618] <EncDecUtil>: generateSalt returns: sao5
[2026-09-15T10:17:06.760Z] [PAYTM] INFO [NODE-SDK:1.0.0:1a8b74da-98a4-417a-ac56-5dc747a4d618] <EncDecUtil>: getChecksumFromString returns: 1OMCNxcsSdkmrHi97U/8prApLOMmcNzXMQzcHtsL4XGPDD3ZaPC/fnp3Yu02tNpS269hGZ1nZlhRA58GlnE/c7Eq8t2Vm2AklzK7anBuHac=
[2026-09-15T10:17:06.761Z] [PAYTM] INFO [NODE-SDK:1.0.0:1a8b74da-98a4-417a-ac56-5dc747a4d618] <Request>: process for request: {"head":{"version":"v2","channelId":"WEB","requestTimestamp":"1789467426744","signature":"1OMCNxcsSdkmrHi97U/8prApLOMmcNzXMQzcHtsL4XGPDD3ZaPC/fnp3Yu02tNpS269hGZ1nZlhRA58GlnE/c7Eq8t2Vm2AklzK7anBuHac="},"body":{"requestType":"Payment","mid":"fjuvBp93155030651834","orderId":"PAYTM_2_1789467426740","websiteName":"WEBSTAGING","txnAmount":{"currency":"INR","value":"500.00"},"userInfo":{"custId":"2"},"callbackUrl":"https://overlaid-exact-gumball.ngrok-free.dev/api/payments/paytm/callback"}}
[2026-09-15T10:17:06.762Z] [PAYTM] INFO [NODE-SDK:1.0.0:1a8b74da-98a4-417a-ac56-5dc747a4d618] <Request>: executeCurl called 
[2026-09-15T10:17:06.762Z] [PAYTM] INFO [NODE-SDK:1.0.0:1a8b74da-98a4-417a-ac56-5dc747a4d618] <Request>: will make API call to: https://securestage.paytmpayments.com/theia/api/v1/initiateTransaction?mid=fjuvBp93155030651834&orderId=PAYTM_2_1789467426740
[2026-09-15T10:17:07.204Z] [PAYTM] INFO [NODE-SDK:1.0.0:1a8b74da-98a4-417a-ac56-5dc747a4d618] <Request>: API response received upon successful execution: {"head":{"responseTimestamp":"1789467427418","version":"v1","signature":"FkT5yQd5Av4kbsPZj+biZuRl7j9vprsoWv9GiiW27f3D2m7hmEYiJg3CQII6VzlYNDDerPjN5JVGKky+BRo7dQ1kHXWk3lsWwICo/NJrnAA="},"body":{"resultInfo":{"resultStatus":"S","resultCode":"0000","resultMsg":"Success"},"txnToken":"207c06fcb4964e5b94e3f39d538102d71789467427237","isPromoCodeValid":false,"authenticated":false}}
[2026-09-15T10:17:07.207Z] [PAYTM] INFO [NODE-SDK:1.0.0:1a8b74da-98a4-417a-ac56-5dc747a4d618] <Request>: Raw Response: {"head":{"responseTimestamp":"1789467427418","version":"v1","signature":"FkT5yQd5Av4kbsPZj+biZuRl7j9vprsoWv9GiiW27f3D2m7hmEYiJg3CQII6VzlYNDDerPjN5JVGKky+BRo7dQ1kHXWk3lsWwICo/NJrnAA="},"body":{"resultInfo":{"resultStatus":"S","resultCode":"0000","resultMsg":"Success"},"txnToken":"207c06fcb4964e5b94e3f39d538102d71789467427237","isPromoCodeValid":false,"authenticated":false}}
[2026-09-15T10:17:07.209Z] [PAYTM] INFO [NODE-SDK:1.0.0:1a8b74da-98a4-417a-ac56-5dc747a4d618] <Request>: Response Data Object: {"head":{"signature":"FkT5yQd5Av4kbsPZj+biZuRl7j9vprsoWv9GiiW27f3D2m7hmEYiJg3CQII6VzlYNDDerPjN5JVGKky+BRo7dQ1kHXWk3lsWwICo/NJrnAA=","responseTimestamp":"1789467427418","version":"v1"},"body":{"txnToken":"207c06fcb4964e5b94e3f39d538102d71789467427237","isPromoCodeValid":false,"resultInfo":{"resultStatus":"S","resultMsg":"Success","resultCode":"0000"},"extraParamsMap":{}}}
[2026-09-15T10:17:07.210Z] [PAYTM] INFO [NODE-SDK:1.0.0:1a8b74da-98a4-417a-ac56-5dc747a4d618] <Request>: validating signature 
[2026-09-15T10:17:07.210Z] [PAYTM] INFO [NODE-SDK:1.0.0:1a8b74da-98a4-417a-ac56-5dc747a4d618] <EncDecUtil>: verifyChecksumByString called()
[2026-09-15T10:17:07.211Z] [PAYTM] INFO [NODE-SDK:1.0.0:1a8b74da-98a4-417a-ac56-5dc747a4d618] <EncDecUtil>: verifyChecksumByString returns: true
[2026-09-15T10:17:07.211Z] [PAYTM] INFO [NODE-SDK:1.0.0:1a8b74da-98a4-417a-ac56-5dc747a4d618] <Request>: signature validation passed 
[2026-09-15T10:17:07.211Z] [PAYTM] INFO [NODE-SDK:1.0.0:1a8b74da-98a4-417a-ac56-5dc747a4d618] <Request>: Execution completed with raw json response: {"head":{"responseTimestamp":"1789467427418","version":"v1","signature":"FkT5yQd5Av4kbsPZj+biZuRl7j9vprsoWv9GiiW27f3D2m7hmEYiJg3CQII6VzlYNDDerPjN5JVGKky+BRo7dQ1kHXWk3lsWwICo/NJrnAA="},"body":{"resultInfo":{"resultStatus":"S","resultCode":"0000","resultMsg":"Success"},"txnToken":"207c06fcb4964e5b94e3f39d538102d71789467427237","isPromoCodeValid":false,"authenticated":false}}
[2026-09-15T10:18:34.619Z] [PAYTM] INFO [NODE-SDK:1.0.0:bb472224-7f16-4950-a692-8c43801e6cb1] <Payment>: In createTxnToken PaymentDetail: {"channelId":"WEB","orderId":"PAYTM_2_1789467514619","txnAmount":{"currency":"INR","value":"500.00"},"userInfo":{"custId":"2"},"readTimeout":80000}
[2026-09-15T10:18:34.620Z] [PAYTM] INFO [NODE-SDK:1.0.0:bb472224-7f16-4950-a692-8c43801e6cb1] <Payment>: validatePaymentDetailsObject for object: {"channelId":"WEB","orderId":"PAYTM_2_1789467514619","txnAmount":{"currency":"INR","value":"500.00"},"userInfo":{"custId":"2"},"readTimeout":80000}
[2026-09-15T10:18:34.620Z] [PAYTM] INFO [NODE-SDK:1.0.0:bb472224-7f16-4950-a692-8c43801e6cb1] <Payment>:  validatePaymentDetailsObject returns true 
[2026-09-15T10:18:34.620Z] [PAYTM] INFO [NODE-SDK:1.0.0:bb472224-7f16-4950-a692-8c43801e6cb1] <CommonUtil>: In getSecureRequestHeader
[2026-09-15T10:18:34.620Z] [PAYTM] INFO [NODE-SDK:1.0.0:bb472224-7f16-4950-a692-8c43801e6cb1] <Payment>: InitiateTransactionRequest object {"head":{"version":"v2","channelId":"WEB","requestTimestamp":"1789467514620","signature":null},"body":{"requestType":"Payment","mid":"fjuvBp93155030651834","orderId":"PAYTM_2_1789467514619","websiteName":"WEBSTAGING","txnAmount":{"currency":"INR","value":"500.00"},"userInfo":{"custId":"2"},"callbackUrl":"https://overlaid-exact-gumball.ngrok-free.dev/api/payments/paytm/callback"}}
[2026-09-15T10:18:34.620Z] [PAYTM] INFO [NODE-SDK:1.0.0:bb472224-7f16-4950-a692-8c43801e6cb1] <EncDecUtil>: generateSignature() called
[2026-09-15T10:18:34.620Z] [PAYTM] INFO [NODE-SDK:1.0.0:bb472224-7f16-4950-a692-8c43801e6cb1] <EncDecUtil>: generateRandomString() called
[2026-09-15T10:18:34.621Z] [PAYTM] INFO [NODE-SDK:1.0.0:bb472224-7f16-4950-a692-8c43801e6cb1] <EncDecUtil>: generateSalt returns: XfVb
[2026-09-15T10:18:34.621Z] [PAYTM] INFO [NODE-SDK:1.0.0:bb472224-7f16-4950-a692-8c43801e6cb1] <EncDecUtil>: getChecksumFromString returns: k2mHc8o9cltgK4OUhfGGCseFcQt1O+atPkTH7j9gJFu7Qd7j0CNjAu++lAE9qiYgc5eo5Nimnen36msVmqhYqigSneP01eyUc2yPoOEirj8=
[2026-09-15T10:18:34.622Z] [PAYTM] INFO [NODE-SDK:1.0.0:bb472224-7f16-4950-a692-8c43801e6cb1] <Request>: process for request: {"head":{"version":"v2","channelId":"WEB","requestTimestamp":"1789467514620","signature":"k2mHc8o9cltgK4OUhfGGCseFcQt1O+atPkTH7j9gJFu7Qd7j0CNjAu++lAE9qiYgc5eo5Nimnen36msVmqhYqigSneP01eyUc2yPoOEirj8="},"body":{"requestType":"Payment","mid":"fjuvBp93155030651834","orderId":"PAYTM_2_1789467514619","websiteName":"WEBSTAGING","txnAmount":{"currency":"INR","value":"500.00"},"userInfo":{"custId":"2"},"callbackUrl":"https://overlaid-exact-gumball.ngrok-free.dev/api/payments/paytm/callback"}}
[2026-09-15T10:18:34.622Z] [PAYTM] INFO [NODE-SDK:1.0.0:bb472224-7f16-4950-a692-8c43801e6cb1] <Request>: executeCurl called 
[2026-09-15T10:18:34.622Z] [PAYTM] INFO [NODE-SDK:1.0.0:bb472224-7f16-4950-a692-8c43801e6cb1] <Request>: will make API call to: https://securestage.paytmpayments.com/theia/api/v1/initiateTransaction?mid=fjuvBp93155030651834&orderId=PAYTM_2_1789467514619
[2026-09-15T10:18:34.922Z] [PAYTM] INFO [NODE-SDK:1.0.0:bb472224-7f16-4950-a692-8c43801e6cb1] <Request>: API response received upon successful execution: {"head":{"responseTimestamp":"1789467515140","version":"v1","signature":"wxZWd7tIt6J2VfC4gN9beCf2+oXXY8ssVnXYuFnbhHrn67pXgPDj6H8RmslpQVg6Zn4AQotMWCwvb5cRmuu6DDqtK4xkN8dU1UrvWbu1DTs="},"body":{"resultInfo":{"resultStatus":"S","resultCode":"0000","resultMsg":"Success"},"txnToken":"194d3f6e4bea4b6eb376f8e50606e0fc1789467514994","isPromoCodeValid":false,"authenticated":false}}
[2026-09-15T10:18:34.922Z] [PAYTM] INFO [NODE-SDK:1.0.0:bb472224-7f16-4950-a692-8c43801e6cb1] <Request>: Raw Response: {"head":{"responseTimestamp":"1789467515140","version":"v1","signature":"wxZWd7tIt6J2VfC4gN9beCf2+oXXY8ssVnXYuFnbhHrn67pXgPDj6H8RmslpQVg6Zn4AQotMWCwvb5cRmuu6DDqtK4xkN8dU1UrvWbu1DTs="},"body":{"resultInfo":{"resultStatus":"S","resultCode":"0000","resultMsg":"Success"},"txnToken":"194d3f6e4bea4b6eb376f8e50606e0fc1789467514994","isPromoCodeValid":false,"authenticated":false}}
[2026-09-15T10:18:34.923Z] [PAYTM] INFO [NODE-SDK:1.0.0:bb472224-7f16-4950-a692-8c43801e6cb1] <Request>: Response Data Object: {"head":{"signature":"wxZWd7tIt6J2VfC4gN9beCf2+oXXY8ssVnXYuFnbhHrn67pXgPDj6H8RmslpQVg6Zn4AQotMWCwvb5cRmuu6DDqtK4xkN8dU1UrvWbu1DTs=","responseTimestamp":"1789467515140","version":"v1"},"body":{"txnToken":"194d3f6e4bea4b6eb376f8e50606e0fc1789467514994","isPromoCodeValid":false,"resultInfo":{"resultStatus":"S","resultMsg":"Success","resultCode":"0000"},"extraParamsMap":{}}}
[2026-09-15T10:18:34.923Z] [PAYTM] INFO [NODE-SDK:1.0.0:bb472224-7f16-4950-a692-8c43801e6cb1] <Request>: validating signature 
[2026-09-15T10:18:34.923Z] [PAYTM] INFO [NODE-SDK:1.0.0:bb472224-7f16-4950-a692-8c43801e6cb1] <EncDecUtil>: verifyChecksumByString called()
[2026-09-15T10:18:34.923Z] [PAYTM] INFO [NODE-SDK:1.0.0:bb472224-7f16-4950-a692-8c43801e6cb1] <EncDecUtil>: verifyChecksumByString returns: true
[2026-09-15T10:18:34.923Z] [PAYTM] INFO [NODE-SDK:1.0.0:bb472224-7f16-4950-a692-8c43801e6cb1] <Request>: signature validation passed 
[2026-09-15T10:18:34.923Z] [PAYTM] INFO [NODE-SDK:1.0.0:bb472224-7f16-4950-a692-8c43801e6cb1] <Request>: Execution completed with raw json response: {"head":{"responseTimestamp":"1789467515140","version":"v1","signature":"wxZWd7tIt6J2VfC4gN9beCf2+oXXY8ssVnXYuFnbhHrn67pXgPDj6H8RmslpQVg6Zn4AQotMWCwvb5cRmuu6DDqtK4xkN8dU1UrvWbu1DTs="},"body":{"resultInfo":{"resultStatus":"S","resultCode":"0000","resultMsg":"Success"},"txnToken":"194d3f6e4bea4b6eb376f8e50606e0fc1789467514994","isPromoCodeValid":false,"authenticated":false}}
[2026-09-15T10:23:14.739Z] [PAYTM] INFO [NODE-SDK:1.0.0:4a03080c-320c-4c04-93a3-697c005c6a34] <Payment>: In createTxnToken PaymentDetail: {"channelId":"WEB","orderId":"PAYTM_3_1789467794739","txnAmount":{"currency":"INR","value":"1000.00"},"userInfo":{"custId":"3"},"readTimeout":80000}
[2026-09-15T10:23:14.739Z] [PAYTM] INFO [NODE-SDK:1.0.0:4a03080c-320c-4c04-93a3-697c005c6a34] <Payment>: validatePaymentDetailsObject for object: {"channelId":"WEB","orderId":"PAYTM_3_1789467794739","txnAmount":{"currency":"INR","value":"1000.00"},"userInfo":{"custId":"3"},"readTimeout":80000}
[2026-09-15T10:23:14.739Z] [PAYTM] INFO [NODE-SDK:1.0.0:4a03080c-320c-4c04-93a3-697c005c6a34] <Payment>:  validatePaymentDetailsObject returns true 
[2026-09-15T10:23:14.739Z] [PAYTM] INFO [NODE-SDK:1.0.0:4a03080c-320c-4c04-93a3-697c005c6a34] <CommonUtil>: In getSecureRequestHeader
[2026-09-15T10:23:14.740Z] [PAYTM] INFO [NODE-SDK:1.0.0:4a03080c-320c-4c04-93a3-697c005c6a34] <Payment>: InitiateTransactionRequest object {"head":{"version":"v2","channelId":"WEB","requestTimestamp":"1789467794740","signature":null},"body":{"requestType":"Payment","mid":"fjuvBp93155030651834","orderId":"PAYTM_3_1789467794739","websiteName":"WEBSTAGING","txnAmount":{"currency":"INR","value":"1000.00"},"userInfo":{"custId":"3"},"callbackUrl":"https://overlaid-exact-gumball.ngrok-free.dev/api/payments/paytm/callback"}}
[2026-09-15T10:23:14.740Z] [PAYTM] INFO [NODE-SDK:1.0.0:4a03080c-320c-4c04-93a3-697c005c6a34] <EncDecUtil>: generateSignature() called
[2026-09-15T10:23:14.740Z] [PAYTM] INFO [NODE-SDK:1.0.0:4a03080c-320c-4c04-93a3-697c005c6a34] <EncDecUtil>: generateRandomString() called
[2026-09-15T10:23:14.740Z] [PAYTM] INFO [NODE-SDK:1.0.0:4a03080c-320c-4c04-93a3-697c005c6a34] <EncDecUtil>: generateSalt returns: 2TaS
[2026-09-15T10:23:14.740Z] [PAYTM] INFO [NODE-SDK:1.0.0:4a03080c-320c-4c04-93a3-697c005c6a34] <EncDecUtil>: getChecksumFromString returns: s3ntx6WMtYY+Z1C+zY90D+6FeEuBNybuvsmSwmZijrQk+OpKTglfowZyFlicfrzpo1a5SCeaLrswNw7x74R6TAMOOAa9AnvKF8ZajLWnI50=
[2026-09-15T10:23:14.741Z] [PAYTM] INFO [NODE-SDK:1.0.0:4a03080c-320c-4c04-93a3-697c005c6a34] <Request>: process for request: {"head":{"version":"v2","channelId":"WEB","requestTimestamp":"1789467794740","signature":"s3ntx6WMtYY+Z1C+zY90D+6FeEuBNybuvsmSwmZijrQk+OpKTglfowZyFlicfrzpo1a5SCeaLrswNw7x74R6TAMOOAa9AnvKF8ZajLWnI50="},"body":{"requestType":"Payment","mid":"fjuvBp93155030651834","orderId":"PAYTM_3_1789467794739","websiteName":"WEBSTAGING","txnAmount":{"currency":"INR","value":"1000.00"},"userInfo":{"custId":"3"},"callbackUrl":"https://overlaid-exact-gumball.ngrok-free.dev/api/payments/paytm/callback"}}
[2026-09-15T10:23:14.741Z] [PAYTM] INFO [NODE-SDK:1.0.0:4a03080c-320c-4c04-93a3-697c005c6a34] <Request>: executeCurl called 
[2026-09-15T10:23:14.741Z] [PAYTM] INFO [NODE-SDK:1.0.0:4a03080c-320c-4c04-93a3-697c005c6a34] <Request>: will make API call to: https://securestage.paytmpayments.com/theia/api/v1/initiateTransaction?mid=fjuvBp93155030651834&orderId=PAYTM_3_1789467794739
[2026-09-15T10:23:15.065Z] [PAYTM] INFO [NODE-SDK:1.0.0:4a03080c-320c-4c04-93a3-697c005c6a34] <Request>: API response received upon successful execution: {"head":{"responseTimestamp":"1789467795289","version":"v1","signature":"5FA4k2nL5FQ0wmjkT4gFY1UWo/emNOCF/06R9EwG51U992JgbT1QBNM3omd01R5CGBJJqnZhfDfJl//YDhOT2M0O5xyr/IDg/T4f6n/8aiw="},"body":{"resultInfo":{"resultStatus":"S","resultCode":"0000","resultMsg":"Success"},"txnToken":"7702df27f7d7471986b7d1a2dc9e183f1789467795136","isPromoCodeValid":false,"authenticated":false}}
[2026-09-15T10:23:15.066Z] [PAYTM] INFO [NODE-SDK:1.0.0:4a03080c-320c-4c04-93a3-697c005c6a34] <Request>: Raw Response: {"head":{"responseTimestamp":"1789467795289","version":"v1","signature":"5FA4k2nL5FQ0wmjkT4gFY1UWo/emNOCF/06R9EwG51U992JgbT1QBNM3omd01R5CGBJJqnZhfDfJl//YDhOT2M0O5xyr/IDg/T4f6n/8aiw="},"body":{"resultInfo":{"resultStatus":"S","resultCode":"0000","resultMsg":"Success"},"txnToken":"7702df27f7d7471986b7d1a2dc9e183f1789467795136","isPromoCodeValid":false,"authenticated":false}}
[2026-09-15T10:23:15.066Z] [PAYTM] INFO [NODE-SDK:1.0.0:4a03080c-320c-4c04-93a3-697c005c6a34] <Request>: Response Data Object: {"head":{"signature":"5FA4k2nL5FQ0wmjkT4gFY1UWo/emNOCF/06R9EwG51U992JgbT1QBNM3omd01R5CGBJJqnZhfDfJl//YDhOT2M0O5xyr/IDg/T4f6n/8aiw=","responseTimestamp":"1789467795289","version":"v1"},"body":{"txnToken":"7702df27f7d7471986b7d1a2dc9e183f1789467795136","isPromoCodeValid":false,"resultInfo":{"resultStatus":"S","resultMsg":"Success","resultCode":"0000"},"extraParamsMap":{}}}
[2026-09-15T10:23:15.066Z] [PAYTM] INFO [NODE-SDK:1.0.0:4a03080c-320c-4c04-93a3-697c005c6a34] <Request>: validating signature 
[2026-09-15T10:23:15.066Z] [PAYTM] INFO [NODE-SDK:1.0.0:4a03080c-320c-4c04-93a3-697c005c6a34] <EncDecUtil>: verifyChecksumByString called()
[2026-09-15T10:23:15.066Z] [PAYTM] INFO [NODE-SDK:1.0.0:4a03080c-320c-4c04-93a3-697c005c6a34] <EncDecUtil>: verifyChecksumByString returns: true
[2026-09-15T10:23:15.066Z] [PAYTM] INFO [NODE-SDK:1.0.0:4a03080c-320c-4c04-93a3-697c005c6a34] <Request>: signature validation passed 
[2026-09-15T10:23:15.066Z] [PAYTM] INFO [NODE-SDK:1.0.0:4a03080c-320c-4c04-93a3-697c005c6a34] <Request>: Execution completed with raw json response: {"head":{"responseTimestamp":"1789467795289","version":"v1","signature":"5FA4k2nL5FQ0wmjkT4gFY1UWo/emNOCF/06R9EwG51U992JgbT1QBNM3omd01R5CGBJJqnZhfDfJl//YDhOT2M0O5xyr/IDg/T4f6n/8aiw="},"body":{"resultInfo":{"resultStatus":"S","resultCode":"0000","resultMsg":"Success"},"txnToken":"7702df27f7d7471986b7d1a2dc9e183f1789467795136","isPromoCodeValid":false,"authenticated":false}}
[2026-09-15T10:29:14.354Z] [PAYTM] INFO [NODE-SDK1.0.0] <MerchantProperties>: initialize called
[2026-09-15T10:29:14.356Z] [PAYTM] INFO [NODE-SDK1.0.0] <MerchantProperties>: Setting Environment for STAGE
[2026-09-15T10:29:25.053Z] [PAYTM] INFO [NODE-SDK:1.0.0:6747e719-da8a-491d-800d-cea886e87271] <Payment>: In createTxnToken PaymentDetail: {"channelId":"WEB","orderId":"PAYTM_3_1789468165050","txnAmount":{"currency":"INR","value":"100.00"},"userInfo":{"custId":"3"},"readTimeout":80000}
[2026-09-15T10:29:25.053Z] [PAYTM] INFO [NODE-SDK:1.0.0:6747e719-da8a-491d-800d-cea886e87271] <Payment>: validatePaymentDetailsObject for object: {"channelId":"WEB","orderId":"PAYTM_3_1789468165050","txnAmount":{"currency":"INR","value":"100.00"},"userInfo":{"custId":"3"},"readTimeout":80000}
[2026-09-15T10:29:25.054Z] [PAYTM] INFO [NODE-SDK:1.0.0:6747e719-da8a-491d-800d-cea886e87271] <Payment>:  validatePaymentDetailsObject returns true 
[2026-09-15T10:29:25.054Z] [PAYTM] INFO [NODE-SDK:1.0.0:6747e719-da8a-491d-800d-cea886e87271] <CommonUtil>: In getSecureRequestHeader
[2026-09-15T10:29:25.057Z] [PAYTM] INFO [NODE-SDK:1.0.0:6747e719-da8a-491d-800d-cea886e87271] <Payment>: InitiateTransactionRequest object {"head":{"version":"v2","channelId":"WEB","requestTimestamp":"1789468165055","signature":null},"body":{"requestType":"Payment","mid":"fjuvBp93155030651834","orderId":"PAYTM_3_1789468165050","websiteName":"WEBSTAGING","txnAmount":{"currency":"INR","value":"100.00"},"userInfo":{"custId":"3"},"callbackUrl":"https://overlaid-exact-gumball.ngrok-free.dev/api/payments/paytm/callback"}}
[2026-09-15T10:29:25.057Z] [PAYTM] INFO [NODE-SDK:1.0.0:6747e719-da8a-491d-800d-cea886e87271] <EncDecUtil>: generateSignature() called
[2026-09-15T10:29:25.057Z] [PAYTM] INFO [NODE-SDK:1.0.0:6747e719-da8a-491d-800d-cea886e87271] <EncDecUtil>: generateRandomString() called
[2026-09-15T10:29:25.059Z] [PAYTM] INFO [NODE-SDK:1.0.0:6747e719-da8a-491d-800d-cea886e87271] <EncDecUtil>: generateSalt returns: xwrB
[2026-09-15T10:29:25.062Z] [PAYTM] INFO [NODE-SDK:1.0.0:6747e719-da8a-491d-800d-cea886e87271] <EncDecUtil>: getChecksumFromString returns: JGfTQq1fpywDLIv9G65aXhZlVOwyWVDzOV0M42q16l0g8LSANl5vSpB/gRy82kmWxD7bayrXGc34MX9qFOZFw7S3Di3sKOKHHM4/tUSuGgA=
[2026-09-15T10:29:25.063Z] [PAYTM] INFO [NODE-SDK:1.0.0:6747e719-da8a-491d-800d-cea886e87271] <Request>: process for request: {"head":{"version":"v2","channelId":"WEB","requestTimestamp":"1789468165055","signature":"JGfTQq1fpywDLIv9G65aXhZlVOwyWVDzOV0M42q16l0g8LSANl5vSpB/gRy82kmWxD7bayrXGc34MX9qFOZFw7S3Di3sKOKHHM4/tUSuGgA="},"body":{"requestType":"Payment","mid":"fjuvBp93155030651834","orderId":"PAYTM_3_1789468165050","websiteName":"WEBSTAGING","txnAmount":{"currency":"INR","value":"100.00"},"userInfo":{"custId":"3"},"callbackUrl":"https://overlaid-exact-gumball.ngrok-free.dev/api/payments/paytm/callback"}}
[2026-09-15T10:29:25.063Z] [PAYTM] INFO [NODE-SDK:1.0.0:6747e719-da8a-491d-800d-cea886e87271] <Request>: executeCurl called 
[2026-09-15T10:29:25.063Z] [PAYTM] INFO [NODE-SDK:1.0.0:6747e719-da8a-491d-800d-cea886e87271] <Request>: will make API call to: https://securestage.paytmpayments.com/theia/api/v1/initiateTransaction?mid=fjuvBp93155030651834&orderId=PAYTM_3_1789468165050
[2026-09-15T10:29:25.412Z] [PAYTM] INFO [NODE-SDK:1.0.0:6747e719-da8a-491d-800d-cea886e87271] <Request>: API response received upon successful execution: {"head":{"responseTimestamp":"1789468165625","version":"v1","signature":"3D7eZiuAZFBsG8c2Ul1OiQbOfEJpDqTFJ/00tXKjZuTkhmhpRh+0EPNZGIFQCAUx8LQ2ic0Og3ZcCvrStIdXK9xxA63/gIsbTZkWTRisSkY="},"body":{"resultInfo":{"resultStatus":"S","resultCode":"0000","resultMsg":"Success"},"txnToken":"1d0cfaf52525424fbbe761e2c5f79f071789468165493","isPromoCodeValid":false,"authenticated":false}}
[2026-09-15T10:29:25.415Z] [PAYTM] INFO [NODE-SDK:1.0.0:6747e719-da8a-491d-800d-cea886e87271] <Request>: Raw Response: {"head":{"responseTimestamp":"1789468165625","version":"v1","signature":"3D7eZiuAZFBsG8c2Ul1OiQbOfEJpDqTFJ/00tXKjZuTkhmhpRh+0EPNZGIFQCAUx8LQ2ic0Og3ZcCvrStIdXK9xxA63/gIsbTZkWTRisSkY="},"body":{"resultInfo":{"resultStatus":"S","resultCode":"0000","resultMsg":"Success"},"txnToken":"1d0cfaf52525424fbbe761e2c5f79f071789468165493","isPromoCodeValid":false,"authenticated":false}}
[2026-09-15T10:29:25.417Z] [PAYTM] INFO [NODE-SDK:1.0.0:6747e719-da8a-491d-800d-cea886e87271] <Request>: Response Data Object: {"head":{"signature":"3D7eZiuAZFBsG8c2Ul1OiQbOfEJpDqTFJ/00tXKjZuTkhmhpRh+0EPNZGIFQCAUx8LQ2ic0Og3ZcCvrStIdXK9xxA63/gIsbTZkWTRisSkY=","responseTimestamp":"1789468165625","version":"v1"},"body":{"txnToken":"1d0cfaf52525424fbbe761e2c5f79f071789468165493","isPromoCodeValid":false,"resultInfo":{"resultStatus":"S","resultMsg":"Success","resultCode":"0000"},"extraParamsMap":{}}}
[2026-09-15T10:29:25.418Z] [PAYTM] INFO [NODE-SDK:1.0.0:6747e719-da8a-491d-800d-cea886e87271] <Request>: validating signature 
[2026-09-15T10:29:25.418Z] [PAYTM] INFO [NODE-SDK:1.0.0:6747e719-da8a-491d-800d-cea886e87271] <EncDecUtil>: verifyChecksumByString called()
[2026-09-15T10:29:25.419Z] [PAYTM] INFO [NODE-SDK:1.0.0:6747e719-da8a-491d-800d-cea886e87271] <EncDecUtil>: verifyChecksumByString returns: true
[2026-09-15T10:29:25.419Z] [PAYTM] INFO [NODE-SDK:1.0.0:6747e719-da8a-491d-800d-cea886e87271] <Request>: signature validation passed 
[2026-09-15T10:29:25.419Z] [PAYTM] INFO [NODE-SDK:1.0.0:6747e719-da8a-491d-800d-cea886e87271] <Request>: Execution completed with raw json response: {"head":{"responseTimestamp":"1789468165625","version":"v1","signature":"3D7eZiuAZFBsG8c2Ul1OiQbOfEJpDqTFJ/00tXKjZuTkhmhpRh+0EPNZGIFQCAUx8LQ2ic0Og3ZcCvrStIdXK9xxA63/gIsbTZkWTRisSkY="},"body":{"resultInfo":{"resultStatus":"S","resultCode":"0000","resultMsg":"Success"},"txnToken":"1d0cfaf52525424fbbe761e2c5f79f071789468165493","isPromoCodeValid":false,"authenticated":false}}
[2026-09-15T10:30:54.890Z] [PAYTM] INFO [NODE-SDK1.0.0] <MerchantProperties>: initialize called
[2026-09-15T10:30:54.892Z] [PAYTM] INFO [NODE-SDK1.0.0] <MerchantProperties>: Setting Environment for STAGE
[2026-09-15T10:32:47.420Z] [PAYTM] INFO [NODE-SDK1.0.0] <MerchantProperties>: initialize called
[2026-09-15T10:32:47.423Z] [PAYTM] INFO [NODE-SDK1.0.0] <MerchantProperties>: Setting Environment for STAGE
[2026-09-15T10:33:01.001Z] [PAYTM] INFO [NODE-SDK:1.0.0:db07c328-c9bf-43c0-addb-1748c4bba295] <Payment>: In createTxnToken PaymentDetail: {"channelId":"WEB","orderId":"PAYTM_3_1789468380999","txnAmount":{"currency":"INR","value":"150.00"},"userInfo":{"custId":"3"},"readTimeout":80000}
[2026-09-15T10:33:01.001Z] [PAYTM] INFO [NODE-SDK:1.0.0:db07c328-c9bf-43c0-addb-1748c4bba295] <Payment>: validatePaymentDetailsObject for object: {"channelId":"WEB","orderId":"PAYTM_3_1789468380999","txnAmount":{"currency":"INR","value":"150.00"},"userInfo":{"custId":"3"},"readTimeout":80000}
[2026-09-15T10:33:01.001Z] [PAYTM] INFO [NODE-SDK:1.0.0:db07c328-c9bf-43c0-addb-1748c4bba295] <Payment>:  validatePaymentDetailsObject returns true 
[2026-09-15T10:33:01.002Z] [PAYTM] INFO [NODE-SDK:1.0.0:db07c328-c9bf-43c0-addb-1748c4bba295] <CommonUtil>: In getSecureRequestHeader
[2026-09-15T10:33:01.003Z] [PAYTM] INFO [NODE-SDK:1.0.0:db07c328-c9bf-43c0-addb-1748c4bba295] <Payment>: InitiateTransactionRequest object {"head":{"version":"v2","channelId":"WEB","requestTimestamp":"1789468381002","signature":null},"body":{"requestType":"Payment","mid":"fjuvBp93155030651834","orderId":"PAYTM_3_1789468380999","websiteName":"WEBSTAGING","txnAmount":{"currency":"INR","value":"150.00"},"userInfo":{"custId":"3"},"callbackUrl":"https://overlaid-exact-gumball.ngrok-free.dev/api/payments/paytm/callback"}}
[2026-09-15T10:33:01.003Z] [PAYTM] INFO [NODE-SDK:1.0.0:db07c328-c9bf-43c0-addb-1748c4bba295] <EncDecUtil>: generateSignature() called
[2026-09-15T10:33:01.004Z] [PAYTM] INFO [NODE-SDK:1.0.0:db07c328-c9bf-43c0-addb-1748c4bba295] <EncDecUtil>: generateRandomString() called
[2026-09-15T10:33:01.005Z] [PAYTM] INFO [NODE-SDK:1.0.0:db07c328-c9bf-43c0-addb-1748c4bba295] <EncDecUtil>: generateSalt returns: UHP5
[2026-09-15T10:33:01.006Z] [PAYTM] INFO [NODE-SDK:1.0.0:db07c328-c9bf-43c0-addb-1748c4bba295] <EncDecUtil>: getChecksumFromString returns: +RwVOCLwwV0Pl83yY0eerlJQ9xR1IKQFsZA8J1o6VAAxb0+n/i8XozHkiW2048FPC8ewswIDob/ljZgmhpQ3TOfEwrfQXiGP1CS6+sN8Cdc=
[2026-09-15T10:33:01.007Z] [PAYTM] INFO [NODE-SDK:1.0.0:db07c328-c9bf-43c0-addb-1748c4bba295] <Request>: process for request: {"head":{"version":"v2","channelId":"WEB","requestTimestamp":"1789468381002","signature":"+RwVOCLwwV0Pl83yY0eerlJQ9xR1IKQFsZA8J1o6VAAxb0+n/i8XozHkiW2048FPC8ewswIDob/ljZgmhpQ3TOfEwrfQXiGP1CS6+sN8Cdc="},"body":{"requestType":"Payment","mid":"fjuvBp93155030651834","orderId":"PAYTM_3_1789468380999","websiteName":"WEBSTAGING","txnAmount":{"currency":"INR","value":"150.00"},"userInfo":{"custId":"3"},"callbackUrl":"https://overlaid-exact-gumball.ngrok-free.dev/api/payments/paytm/callback"}}
[2026-09-15T10:33:01.007Z] [PAYTM] INFO [NODE-SDK:1.0.0:db07c328-c9bf-43c0-addb-1748c4bba295] <Request>: executeCurl called 
[2026-09-15T10:33:01.007Z] [PAYTM] INFO [NODE-SDK:1.0.0:db07c328-c9bf-43c0-addb-1748c4bba295] <Request>: will make API call to: https://securestage.paytmpayments.com/theia/api/v1/initiateTransaction?mid=fjuvBp93155030651834&orderId=PAYTM_3_1789468380999
[2026-09-15T10:33:01.361Z] [PAYTM] INFO [NODE-SDK:1.0.0:db07c328-c9bf-43c0-addb-1748c4bba295] <Request>: API response received upon successful execution: {"head":{"responseTimestamp":"1789468381539","version":"v1","signature":"ubQKj14qmWZC7Mhl/e+hSctF24ZiUepY9f3/F/MP7p6VAO95MS9+5Q431J4j/opYaAGfWZ7eg8jHpBy0hkJ/jGGwyiu5RQM6QXNU9vFrzAE="},"body":{"resultInfo":{"resultStatus":"S","resultCode":"0000","resultMsg":"Success"},"txnToken":"c8dd7c7467ea44aeb3cb912e48d1394e1789468381378","isPromoCodeValid":false,"authenticated":false}}
[2026-09-15T10:33:01.363Z] [PAYTM] INFO [NODE-SDK:1.0.0:db07c328-c9bf-43c0-addb-1748c4bba295] <Request>: Raw Response: {"head":{"responseTimestamp":"1789468381539","version":"v1","signature":"ubQKj14qmWZC7Mhl/e+hSctF24ZiUepY9f3/F/MP7p6VAO95MS9+5Q431J4j/opYaAGfWZ7eg8jHpBy0hkJ/jGGwyiu5RQM6QXNU9vFrzAE="},"body":{"resultInfo":{"resultStatus":"S","resultCode":"0000","resultMsg":"Success"},"txnToken":"c8dd7c7467ea44aeb3cb912e48d1394e1789468381378","isPromoCodeValid":false,"authenticated":false}}
[2026-09-15T10:33:01.364Z] [PAYTM] INFO [NODE-SDK:1.0.0:db07c328-c9bf-43c0-addb-1748c4bba295] <Request>: Response Data Object: {"head":{"signature":"ubQKj14qmWZC7Mhl/e+hSctF24ZiUepY9f3/F/MP7p6VAO95MS9+5Q431J4j/opYaAGfWZ7eg8jHpBy0hkJ/jGGwyiu5RQM6QXNU9vFrzAE=","responseTimestamp":"1789468381539","version":"v1"},"body":{"txnToken":"c8dd7c7467ea44aeb3cb912e48d1394e1789468381378","isPromoCodeValid":false,"resultInfo":{"resultStatus":"S","resultMsg":"Success","resultCode":"0000"},"extraParamsMap":{}}}
[2026-09-15T10:33:01.365Z] [PAYTM] INFO [NODE-SDK:1.0.0:db07c328-c9bf-43c0-addb-1748c4bba295] <Request>: validating signature 
[2026-09-15T10:33:01.365Z] [PAYTM] INFO [NODE-SDK:1.0.0:db07c328-c9bf-43c0-addb-1748c4bba295] <EncDecUtil>: verifyChecksumByString called()
[2026-09-15T10:33:01.366Z] [PAYTM] INFO [NODE-SDK:1.0.0:db07c328-c9bf-43c0-addb-1748c4bba295] <EncDecUtil>: verifyChecksumByString returns: true
[2026-09-15T10:33:01.366Z] [PAYTM] INFO [NODE-SDK:1.0.0:db07c328-c9bf-43c0-addb-1748c4bba295] <Request>: signature validation passed 
[2026-09-15T10:33:01.366Z] [PAYTM] INFO [NODE-SDK:1.0.0:db07c328-c9bf-43c0-addb-1748c4bba295] <Request>: Execution completed with raw json response: {"head":{"responseTimestamp":"1789468381539","version":"v1","signature":"ubQKj14qmWZC7Mhl/e+hSctF24ZiUepY9f3/F/MP7p6VAO95MS9+5Q431J4j/opYaAGfWZ7eg8jHpBy0hkJ/jGGwyiu5RQM6QXNU9vFrzAE="},"body":{"resultInfo":{"resultStatus":"S","resultCode":"0000","resultMsg":"Success"},"txnToken":"c8dd7c7467ea44aeb3cb912e48d1394e1789468381378","isPromoCodeValid":false,"authenticated":false}}
[2026-09-15T10:40:56.750Z] [PAYTM] INFO [NODE-SDK1.0.0] <MerchantProperties>: initialize called
[2026-09-15T10:40:56.751Z] [PAYTM] INFO [NODE-SDK1.0.0] <MerchantProperties>: Setting Environment for STAGE
[2026-09-15T10:41:14.140Z] [PAYTM] INFO [NODE-SDK:1.0.0:752701af-f7b6-43b4-96a5-6ca51d61aeca] <Payment>: In createTxnToken PaymentDetail: {"channelId":"WEB","orderId":"PAYTM_3_1789468874138","txnAmount":{"currency":"INR","value":"250.00"},"userInfo":{"custId":"3"},"readTimeout":80000}
[2026-09-15T10:41:14.141Z] [PAYTM] INFO [NODE-SDK:1.0.0:752701af-f7b6-43b4-96a5-6ca51d61aeca] <Payment>: validatePaymentDetailsObject for object: {"channelId":"WEB","orderId":"PAYTM_3_1789468874138","txnAmount":{"currency":"INR","value":"250.00"},"userInfo":{"custId":"3"},"readTimeout":80000}
[2026-09-15T10:41:14.141Z] [PAYTM] INFO [NODE-SDK:1.0.0:752701af-f7b6-43b4-96a5-6ca51d61aeca] <Payment>:  validatePaymentDetailsObject returns true 
[2026-09-15T10:41:14.142Z] [PAYTM] INFO [NODE-SDK:1.0.0:752701af-f7b6-43b4-96a5-6ca51d61aeca] <CommonUtil>: In getSecureRequestHeader
[2026-09-15T10:41:14.144Z] [PAYTM] INFO [NODE-SDK:1.0.0:752701af-f7b6-43b4-96a5-6ca51d61aeca] <Payment>: InitiateTransactionRequest object {"head":{"version":"v2","channelId":"WEB","requestTimestamp":"1789468874142","signature":null},"body":{"requestType":"Payment","mid":"fjuvBp93155030651834","orderId":"PAYTM_3_1789468874138","websiteName":"WEBSTAGING","txnAmount":{"currency":"INR","value":"250.00"},"userInfo":{"custId":"3"},"callbackUrl":"https://overlaid-exact-gumball.ngrok-free.dev/api/payments/paytm/callback"}}
[2026-09-15T10:41:14.145Z] [PAYTM] INFO [NODE-SDK:1.0.0:752701af-f7b6-43b4-96a5-6ca51d61aeca] <EncDecUtil>: generateSignature() called
[2026-09-15T10:41:14.145Z] [PAYTM] INFO [NODE-SDK:1.0.0:752701af-f7b6-43b4-96a5-6ca51d61aeca] <EncDecUtil>: generateRandomString() called
[2026-09-15T10:41:14.147Z] [PAYTM] INFO [NODE-SDK:1.0.0:752701af-f7b6-43b4-96a5-6ca51d61aeca] <EncDecUtil>: generateSalt returns: Np6U
[2026-09-15T10:41:14.150Z] [PAYTM] INFO [NODE-SDK:1.0.0:752701af-f7b6-43b4-96a5-6ca51d61aeca] <EncDecUtil>: getChecksumFromString returns: yddE7Rt7VhMdyKItmWWTSgGsmSVyVe0ihb4CdjeNUvVv0co2TEx7WHUdYYDUWfvHmTkB+OKPuSrh6cpUexyZx7UIhhE0TSxSkXMxQdyPtTc=
[2026-09-15T10:41:14.150Z] [PAYTM] INFO [NODE-SDK:1.0.0:752701af-f7b6-43b4-96a5-6ca51d61aeca] <Request>: process for request: {"head":{"version":"v2","channelId":"WEB","requestTimestamp":"1789468874142","signature":"yddE7Rt7VhMdyKItmWWTSgGsmSVyVe0ihb4CdjeNUvVv0co2TEx7WHUdYYDUWfvHmTkB+OKPuSrh6cpUexyZx7UIhhE0TSxSkXMxQdyPtTc="},"body":{"requestType":"Payment","mid":"fjuvBp93155030651834","orderId":"PAYTM_3_1789468874138","websiteName":"WEBSTAGING","txnAmount":{"currency":"INR","value":"250.00"},"userInfo":{"custId":"3"},"callbackUrl":"https://overlaid-exact-gumball.ngrok-free.dev/api/payments/paytm/callback"}}
[2026-09-15T10:41:14.151Z] [PAYTM] INFO [NODE-SDK:1.0.0:752701af-f7b6-43b4-96a5-6ca51d61aeca] <Request>: executeCurl called 
[2026-09-15T10:41:14.151Z] [PAYTM] INFO [NODE-SDK:1.0.0:752701af-f7b6-43b4-96a5-6ca51d61aeca] <Request>: will make API call to: https://securestage.paytmpayments.com/theia/api/v1/initiateTransaction?mid=fjuvBp93155030651834&orderId=PAYTM_3_1789468874138
[2026-09-15T10:41:14.694Z] [PAYTM] INFO [NODE-SDK:1.0.0:752701af-f7b6-43b4-96a5-6ca51d61aeca] <Request>: API response received upon successful execution: {"head":{"responseTimestamp":"1789468874811","version":"v1","signature":"VioZlD6X1zY8Zz4DYx/d2mN02T/7WchhRV0LkwQBZhu4GybJhGRMfBS2p6KNxUsgNwl1COhAMlYVgA3XJp9Gk92kU/Hst0POreRch+DcLJ4="},"body":{"resultInfo":{"resultStatus":"S","resultCode":"0000","resultMsg":"Success"},"txnToken":"5d5e948fdd99493bb80a4a9d917d71751789468874672","isPromoCodeValid":false,"authenticated":false}}
[2026-09-15T10:41:14.696Z] [PAYTM] INFO [NODE-SDK:1.0.0:752701af-f7b6-43b4-96a5-6ca51d61aeca] <Request>: Raw Response: {"head":{"responseTimestamp":"1789468874811","version":"v1","signature":"VioZlD6X1zY8Zz4DYx/d2mN02T/7WchhRV0LkwQBZhu4GybJhGRMfBS2p6KNxUsgNwl1COhAMlYVgA3XJp9Gk92kU/Hst0POreRch+DcLJ4="},"body":{"resultInfo":{"resultStatus":"S","resultCode":"0000","resultMsg":"Success"},"txnToken":"5d5e948fdd99493bb80a4a9d917d71751789468874672","isPromoCodeValid":false,"authenticated":false}}
[2026-09-15T10:41:14.699Z] [PAYTM] INFO [NODE-SDK:1.0.0:752701af-f7b6-43b4-96a5-6ca51d61aeca] <Request>: Response Data Object: {"head":{"signature":"VioZlD6X1zY8Zz4DYx/d2mN02T/7WchhRV0LkwQBZhu4GybJhGRMfBS2p6KNxUsgNwl1COhAMlYVgA3XJp9Gk92kU/Hst0POreRch+DcLJ4=","responseTimestamp":"1789468874811","version":"v1"},"body":{"txnToken":"5d5e948fdd99493bb80a4a9d917d71751789468874672","isPromoCodeValid":false,"resultInfo":{"resultStatus":"S","resultMsg":"Success","resultCode":"0000"},"extraParamsMap":{}}}
[2026-09-15T10:41:14.699Z] [PAYTM] INFO [NODE-SDK:1.0.0:752701af-f7b6-43b4-96a5-6ca51d61aeca] <Request>: validating signature 
[2026-09-15T10:41:14.699Z] [PAYTM] INFO [NODE-SDK:1.0.0:752701af-f7b6-43b4-96a5-6ca51d61aeca] <EncDecUtil>: verifyChecksumByString called()
[2026-09-15T10:41:14.700Z] [PAYTM] INFO [NODE-SDK:1.0.0:752701af-f7b6-43b4-96a5-6ca51d61aeca] <EncDecUtil>: verifyChecksumByString returns: true
[2026-09-15T10:41:14.700Z] [PAYTM] INFO [NODE-SDK:1.0.0:752701af-f7b6-43b4-96a5-6ca51d61aeca] <Request>: signature validation passed 
[2026-09-15T10:41:14.700Z] [PAYTM] INFO [NODE-SDK:1.0.0:752701af-f7b6-43b4-96a5-6ca51d61aeca] <Request>: Execution completed with raw json response: {"head":{"responseTimestamp":"1789468874811","version":"v1","signature":"VioZlD6X1zY8Zz4DYx/d2mN02T/7WchhRV0LkwQBZhu4GybJhGRMfBS2p6KNxUsgNwl1COhAMlYVgA3XJp9Gk92kU/Hst0POreRch+DcLJ4="},"body":{"resultInfo":{"resultStatus":"S","resultCode":"0000","resultMsg":"Success"},"txnToken":"5d5e948fdd99493bb80a4a9d917d71751789468874672","isPromoCodeValid":false,"authenticated":false}}
[2026-09-15T10:43:49.151Z] [PAYTM] INFO [NODE-SDK1.0.0] <MerchantProperties>: initialize called
[2026-09-15T10:43:49.152Z] [PAYTM] INFO [NODE-SDK1.0.0] <MerchantProperties>: Setting Environment for STAGE
[2026-09-15T10:44:02.864Z] [PAYTM] INFO [NODE-SDK:1.0.0:c12928bd-12c0-4537-b500-f6e992a44207] <Payment>: In createTxnToken PaymentDetail: {"channelId":"WEB","orderId":"PAYTM_3_1789469042862","txnAmount":{"currency":"INR","value":"100.00"},"userInfo":{"custId":"3"},"readTimeout":80000}
[2026-09-15T10:44:02.865Z] [PAYTM] INFO [NODE-SDK:1.0.0:c12928bd-12c0-4537-b500-f6e992a44207] <Payment>: validatePaymentDetailsObject for object: {"channelId":"WEB","orderId":"PAYTM_3_1789469042862","txnAmount":{"currency":"INR","value":"100.00"},"userInfo":{"custId":"3"},"readTimeout":80000}
[2026-09-15T10:44:02.865Z] [PAYTM] INFO [NODE-SDK:1.0.0:c12928bd-12c0-4537-b500-f6e992a44207] <Payment>:  validatePaymentDetailsObject returns true 
[2026-09-15T10:44:02.866Z] [PAYTM] INFO [NODE-SDK:1.0.0:c12928bd-12c0-4537-b500-f6e992a44207] <CommonUtil>: In getSecureRequestHeader
[2026-09-15T10:44:02.868Z] [PAYTM] INFO [NODE-SDK:1.0.0:c12928bd-12c0-4537-b500-f6e992a44207] <Payment>: InitiateTransactionRequest object {"head":{"version":"v2","channelId":"WEB","requestTimestamp":"1789469042866","signature":null},"body":{"requestType":"Payment","mid":"fjuvBp93155030651834","orderId":"PAYTM_3_1789469042862","websiteName":"WEBSTAGING","txnAmount":{"currency":"INR","value":"100.00"},"userInfo":{"custId":"3"},"callbackUrl":"https://overlaid-exact-gumball.ngrok-free.dev/api/payments/paytm/callback"}}
[2026-09-15T10:44:02.868Z] [PAYTM] INFO [NODE-SDK:1.0.0:c12928bd-12c0-4537-b500-f6e992a44207] <EncDecUtil>: generateSignature() called
[2026-09-15T10:44:02.868Z] [PAYTM] INFO [NODE-SDK:1.0.0:c12928bd-12c0-4537-b500-f6e992a44207] <EncDecUtil>: generateRandomString() called
[2026-09-15T10:44:02.870Z] [PAYTM] INFO [NODE-SDK:1.0.0:c12928bd-12c0-4537-b500-f6e992a44207] <EncDecUtil>: generateSalt returns: 1pnc
[2026-09-15T10:44:02.872Z] [PAYTM] INFO [NODE-SDK:1.0.0:c12928bd-12c0-4537-b500-f6e992a44207] <EncDecUtil>: getChecksumFromString returns: TyB3CSeAUD3uFxoepTvgRC/Nd5iT6aygi6E661ATdgCoQUgFQxR+b4Y/MaTOyqccl+0V3hFwGiG9jsqaheJpAeQEXIcfpX46yycu49MbM0w=
[2026-09-15T10:44:02.873Z] [PAYTM] INFO [NODE-SDK:1.0.0:c12928bd-12c0-4537-b500-f6e992a44207] <Request>: process for request: {"head":{"version":"v2","channelId":"WEB","requestTimestamp":"1789469042866","signature":"TyB3CSeAUD3uFxoepTvgRC/Nd5iT6aygi6E661ATdgCoQUgFQxR+b4Y/MaTOyqccl+0V3hFwGiG9jsqaheJpAeQEXIcfpX46yycu49MbM0w="},"body":{"requestType":"Payment","mid":"fjuvBp93155030651834","orderId":"PAYTM_3_1789469042862","websiteName":"WEBSTAGING","txnAmount":{"currency":"INR","value":"100.00"},"userInfo":{"custId":"3"},"callbackUrl":"https://overlaid-exact-gumball.ngrok-free.dev/api/payments/paytm/callback"}}
[2026-09-15T10:44:02.873Z] [PAYTM] INFO [NODE-SDK:1.0.0:c12928bd-12c0-4537-b500-f6e992a44207] <Request>: executeCurl called 
[2026-09-15T10:44:02.873Z] [PAYTM] INFO [NODE-SDK:1.0.0:c12928bd-12c0-4537-b500-f6e992a44207] <Request>: will make API call to: https://securestage.paytmpayments.com/theia/api/v1/initiateTransaction?mid=fjuvBp93155030651834&orderId=PAYTM_3_1789469042862
[2026-09-15T10:44:03.350Z] [PAYTM] INFO [NODE-SDK:1.0.0:c12928bd-12c0-4537-b500-f6e992a44207] <Request>: API response received upon successful execution: {"head":{"responseTimestamp":"1789469043462","version":"v1","signature":"cbxIeBJ2xADc8Xk76tOoy8dF0wcfjzleyJJ1GsHYWIBga/lnTppm2HWKc8YbodGsPp5a+bNp73mQXCYYoVO6jKmxw8tJJkE+geeAfZkeS1M="},"body":{"resultInfo":{"resultStatus":"S","resultCode":"0000","resultMsg":"Success"},"txnToken":"7af592726c304b479fef96dc6dd959e91789469043293","isPromoCodeValid":false,"authenticated":false}}
[2026-09-15T10:44:03.354Z] [PAYTM] INFO [NODE-SDK:1.0.0:c12928bd-12c0-4537-b500-f6e992a44207] <Request>: Raw Response: {"head":{"responseTimestamp":"1789469043462","version":"v1","signature":"cbxIeBJ2xADc8Xk76tOoy8dF0wcfjzleyJJ1GsHYWIBga/lnTppm2HWKc8YbodGsPp5a+bNp73mQXCYYoVO6jKmxw8tJJkE+geeAfZkeS1M="},"body":{"resultInfo":{"resultStatus":"S","resultCode":"0000","resultMsg":"Success"},"txnToken":"7af592726c304b479fef96dc6dd959e91789469043293","isPromoCodeValid":false,"authenticated":false}}
[2026-09-15T10:44:03.356Z] [PAYTM] INFO [NODE-SDK:1.0.0:c12928bd-12c0-4537-b500-f6e992a44207] <Request>: Response Data Object: {"head":{"signature":"cbxIeBJ2xADc8Xk76tOoy8dF0wcfjzleyJJ1GsHYWIBga/lnTppm2HWKc8YbodGsPp5a+bNp73mQXCYYoVO6jKmxw8tJJkE+geeAfZkeS1M=","responseTimestamp":"1789469043462","version":"v1"},"body":{"txnToken":"7af592726c304b479fef96dc6dd959e91789469043293","isPromoCodeValid":false,"resultInfo":{"resultStatus":"S","resultMsg":"Success","resultCode":"0000"},"extraParamsMap":{}}}
[2026-09-15T10:44:03.357Z] [PAYTM] INFO [NODE-SDK:1.0.0:c12928bd-12c0-4537-b500-f6e992a44207] <Request>: validating signature 
[2026-09-15T10:44:03.357Z] [PAYTM] INFO [NODE-SDK:1.0.0:c12928bd-12c0-4537-b500-f6e992a44207] <EncDecUtil>: verifyChecksumByString called()
[2026-09-15T10:44:03.357Z] [PAYTM] INFO [NODE-SDK:1.0.0:c12928bd-12c0-4537-b500-f6e992a44207] <EncDecUtil>: verifyChecksumByString returns: true
[2026-09-15T10:44:03.358Z] [PAYTM] INFO [NODE-SDK:1.0.0:c12928bd-12c0-4537-b500-f6e992a44207] <Request>: signature validation passed 
[2026-09-15T10:44:03.358Z] [PAYTM] INFO [NODE-SDK:1.0.0:c12928bd-12c0-4537-b500-f6e992a44207] <Request>: Execution completed with raw json response: {"head":{"responseTimestamp":"1789469043462","version":"v1","signature":"cbxIeBJ2xADc8Xk76tOoy8dF0wcfjzleyJJ1GsHYWIBga/lnTppm2HWKc8YbodGsPp5a+bNp73mQXCYYoVO6jKmxw8tJJkE+geeAfZkeS1M="},"body":{"resultInfo":{"resultStatus":"S","resultCode":"0000","resultMsg":"Success"},"txnToken":"7af592726c304b479fef96dc6dd959e91789469043293","isPromoCodeValid":false,"authenticated":false}}
[2026-09-15T10:44:44.909Z] [PAYTM] INFO [NODE-SDK:1.0.0:640c1c9a-d208-4eae-a4ec-78898bc4e94d] <Payment>: In getPaymentStatus PaymentStatusDetail: {"orderId":"PAYTM_3_1789469042862","readTimeout":80000}
[2026-09-15T10:44:44.910Z] [PAYTM] INFO [NODE-SDK:1.0.0:640c1c9a-d208-4eae-a4ec-78898bc4e94d] <Payment>: validatePaymentStatusDetailObject for request: {"orderId":"PAYTM_3_1789469042862","readTimeout":80000}
[2026-09-15T10:44:44.910Z] [PAYTM] INFO [NODE-SDK:1.0.0:640c1c9a-d208-4eae-a4ec-78898bc4e94d] <Payment>:  validatePaymentStatusDetailObject returns true 
[2026-09-15T10:44:44.910Z] [PAYTM] INFO [NODE-SDK:1.0.0:640c1c9a-d208-4eae-a4ec-78898bc4e94d] <CommonUtil>: In getSecureRequestHeader
[2026-09-15T10:44:44.911Z] [PAYTM] INFO [NODE-SDK:1.0.0:640c1c9a-d208-4eae-a4ec-78898bc4e94d] <Payment>: NativePaymentStatusRequest object {"head":{"version":"v2","channelId":null,"requestTimestamp":"1789469084910","workFlow":null,"signature":null},"body":{"mid":"fjuvBp93155030651834","orderId":"PAYTM_3_1789469042862"}}
[2026-09-15T10:44:44.911Z] [PAYTM] INFO [NODE-SDK:1.0.0:640c1c9a-d208-4eae-a4ec-78898bc4e94d] <EncDecUtil>: generateSignature() called
[2026-09-15T10:44:44.911Z] [PAYTM] INFO [NODE-SDK:1.0.0:640c1c9a-d208-4eae-a4ec-78898bc4e94d] <EncDecUtil>: generateRandomString() called
[2026-09-15T10:44:44.911Z] [PAYTM] INFO [NODE-SDK:1.0.0:640c1c9a-d208-4eae-a4ec-78898bc4e94d] <EncDecUtil>: generateSalt returns: 4TFj
[2026-09-15T10:44:44.912Z] [PAYTM] INFO [NODE-SDK:1.0.0:640c1c9a-d208-4eae-a4ec-78898bc4e94d] <EncDecUtil>: getChecksumFromString returns: ZG2nzj7azblg4yk7m6bDvJIttqlXpz5ASCcUAp1HIMEtPgl4CbjD4QpdalyoLYTQ07A3q+d5cz7OU0zA3wX6oLmpiQrYilI2cVKrxj3Hguw=
[2026-09-15T10:44:44.912Z] [PAYTM] INFO [NODE-SDK:1.0.0:640c1c9a-d208-4eae-a4ec-78898bc4e94d] <Request>: process for request: {"head":{"version":"v2","channelId":null,"requestTimestamp":"1789469084910","workFlow":null,"signature":"ZG2nzj7azblg4yk7m6bDvJIttqlXpz5ASCcUAp1HIMEtPgl4CbjD4QpdalyoLYTQ07A3q+d5cz7OU0zA3wX6oLmpiQrYilI2cVKrxj3Hguw="},"body":{"mid":"fjuvBp93155030651834","orderId":"PAYTM_3_1789469042862"}}
[2026-09-15T10:44:44.912Z] [PAYTM] INFO [NODE-SDK:1.0.0:640c1c9a-d208-4eae-a4ec-78898bc4e94d] <Request>: executeCurl called 
[2026-09-15T10:44:44.912Z] [PAYTM] INFO [NODE-SDK:1.0.0:640c1c9a-d208-4eae-a4ec-78898bc4e94d] <Request>: will make API call to: https://securestage.paytmpayments.com/merchant-status/api/v1/getPaymentStatus
[2026-09-15T10:44:45.150Z] [PAYTM] INFO [NODE-SDK:1.0.0:640c1c9a-d208-4eae-a4ec-78898bc4e94d] <Request>: API response received upon successful execution: {"head":{"responseTimestamp":"1789469085382","version":"v1","signature":"7xpVU4URP0t7Oyz2MLOHw5ONBC6w2H/FBRxw+Iyc+/22Yuq/09d9Nkj4GMYEgLijU6Li+stlYdZ5C7icjyqkHA2gr3B7giWuX0oiydICTLw="},"body":{"resultInfo":{"resultStatus":"TXN_SUCCESS","resultCode":"01","resultMsg":"Txn Success"},"txnId":"20260915211380000306653384900230718","bankTxnId":"16140646826","orderId":"PAYTM_3_1789469042862","txnAmount":"100.00","txnType":"SALE","gatewayName":"SBI","bankName":"State Bank of India","mid":"fjuvBp93155030651834","paymentMode":"NB","refundAmt":"0.0","txnDate":"2026-09-15 16:14:03.0"}}
[2026-09-15T10:44:45.151Z] [PAYTM] INFO [NODE-SDK:1.0.0:640c1c9a-d208-4eae-a4ec-78898bc4e94d] <Request>: Raw Response: {"head":{"responseTimestamp":"1789469085382","version":"v1","signature":"7xpVU4URP0t7Oyz2MLOHw5ONBC6w2H/FBRxw+Iyc+/22Yuq/09d9Nkj4GMYEgLijU6Li+stlYdZ5C7icjyqkHA2gr3B7giWuX0oiydICTLw="},"body":{"resultInfo":{"resultStatus":"TXN_SUCCESS","resultCode":"01","resultMsg":"Txn Success"},"txnId":"20260915211380000306653384900230718","bankTxnId":"16140646826","orderId":"PAYTM_3_1789469042862","txnAmount":"100.00","txnType":"SALE","gatewayName":"SBI","bankName":"State Bank of India","mid":"fjuvBp93155030651834","paymentMode":"NB","refundAmt":"0.0","txnDate":"2026-09-15 16:14:03.0"}}
[2026-09-15T10:44:45.152Z] [PAYTM] INFO [NODE-SDK:1.0.0:640c1c9a-d208-4eae-a4ec-78898bc4e94d] <Request>: Response Data Object: {"head":{"signature":"7xpVU4URP0t7Oyz2MLOHw5ONBC6w2H/FBRxw+Iyc+/22Yuq/09d9Nkj4GMYEgLijU6Li+stlYdZ5C7icjyqkHA2gr3B7giWuX0oiydICTLw=","responseTimestamp":"1789469085382","version":"v1"},"body":{"txnId":"20260915211380000306653384900230718","bankTxnId":"16140646826","orderId":"PAYTM_3_1789469042862","txnAmount":"100.00","txnType":"SALE","gatewayName":"SBI","bankName":"State Bank of India","mid":"fjuvBp93155030651834","paymentMode":"NB","refundAmt":"0.0","txnDate":"2026-09-15 16:14:03.0","resultInfo":{"resultStatus":"TXN_SUCCESS","resultMsg":"Txn Success","resultCode":"01"},"extraParamsMap":{}}}
[2026-09-15T10:44:45.152Z] [PAYTM] INFO [NODE-SDK:1.0.0:640c1c9a-d208-4eae-a4ec-78898bc4e94d] <Request>: validating signature 
[2026-09-15T10:44:45.152Z] [PAYTM] INFO [NODE-SDK:1.0.0:640c1c9a-d208-4eae-a4ec-78898bc4e94d] <EncDecUtil>: verifyChecksumByString called()
[2026-09-15T10:44:45.153Z] [PAYTM] INFO [NODE-SDK:1.0.0:640c1c9a-d208-4eae-a4ec-78898bc4e94d] <EncDecUtil>: verifyChecksumByString returns: true
[2026-09-15T10:44:45.153Z] [PAYTM] INFO [NODE-SDK:1.0.0:640c1c9a-d208-4eae-a4ec-78898bc4e94d] <Request>: signature validation passed 
[2026-09-15T10:44:45.153Z] [PAYTM] INFO [NODE-SDK:1.0.0:640c1c9a-d208-4eae-a4ec-78898bc4e94d] <Request>: Execution completed with raw json response: {"head":{"responseTimestamp":"1789469085382","version":"v1","signature":"7xpVU4URP0t7Oyz2MLOHw5ONBC6w2H/FBRxw+Iyc+/22Yuq/09d9Nkj4GMYEgLijU6Li+stlYdZ5C7icjyqkHA2gr3B7giWuX0oiydICTLw="},"body":{"resultInfo":{"resultStatus":"TXN_SUCCESS","resultCode":"01","resultMsg":"Txn Success"},"txnId":"20260915211380000306653384900230718","bankTxnId":"16140646826","orderId":"PAYTM_3_1789469042862","txnAmount":"100.00","txnType":"SALE","gatewayName":"SBI","bankName":"State Bank of India","mid":"fjuvBp93155030651834","paymentMode":"NB","refundAmt":"0.0","txnDate":"2026-09-15 16:14:03.0"}}
[2026-09-15T10:47:04.993Z] [PAYTM] INFO [NODE-SDK1.0.0] <MerchantProperties>: initialize called
[2026-09-15T10:47:04.994Z] [PAYTM] INFO [NODE-SDK1.0.0] <MerchantProperties>: Setting Environment for STAGE
[2026-09-15T10:47:20.213Z] [PAYTM] INFO [NODE-SDK:1.0.0:3c8d3d15-e905-4a3c-9282-a6370ce627a8] <Payment>: In createTxnToken PaymentDetail: {"channelId":"WEB","orderId":"PAYTM_3_1789469240211","txnAmount":{"currency":"INR","value":"250.00"},"userInfo":{"custId":"3"},"readTimeout":80000}
[2026-09-15T10:47:20.214Z] [PAYTM] INFO [NODE-SDK:1.0.0:3c8d3d15-e905-4a3c-9282-a6370ce627a8] <Payment>: validatePaymentDetailsObject for object: {"channelId":"WEB","orderId":"PAYTM_3_1789469240211","txnAmount":{"currency":"INR","value":"250.00"},"userInfo":{"custId":"3"},"readTimeout":80000}
[2026-09-15T10:47:20.214Z] [PAYTM] INFO [NODE-SDK:1.0.0:3c8d3d15-e905-4a3c-9282-a6370ce627a8] <Payment>:  validatePaymentDetailsObject returns true 
[2026-09-15T10:47:20.214Z] [PAYTM] INFO [NODE-SDK:1.0.0:3c8d3d15-e905-4a3c-9282-a6370ce627a8] <CommonUtil>: In getSecureRequestHeader
[2026-09-15T10:47:20.217Z] [PAYTM] INFO [NODE-SDK:1.0.0:3c8d3d15-e905-4a3c-9282-a6370ce627a8] <Payment>: InitiateTransactionRequest object {"head":{"version":"v2","channelId":"WEB","requestTimestamp":"1789469240215","signature":null},"body":{"requestType":"Payment","mid":"fjuvBp93155030651834","orderId":"PAYTM_3_1789469240211","websiteName":"WEBSTAGING","txnAmount":{"currency":"INR","value":"250.00"},"userInfo":{"custId":"3"},"callbackUrl":"https://overlaid-exact-gumball.ngrok-free.dev/api/payments/paytm/callback"}}
[2026-09-15T10:47:20.218Z] [PAYTM] INFO [NODE-SDK:1.0.0:3c8d3d15-e905-4a3c-9282-a6370ce627a8] <EncDecUtil>: generateSignature() called
[2026-09-15T10:47:20.218Z] [PAYTM] INFO [NODE-SDK:1.0.0:3c8d3d15-e905-4a3c-9282-a6370ce627a8] <EncDecUtil>: generateRandomString() called
[2026-09-15T10:47:20.221Z] [PAYTM] INFO [NODE-SDK:1.0.0:3c8d3d15-e905-4a3c-9282-a6370ce627a8] <EncDecUtil>: generateSalt returns: GLwN
[2026-09-15T10:47:20.223Z] [PAYTM] INFO [NODE-SDK:1.0.0:3c8d3d15-e905-4a3c-9282-a6370ce627a8] <EncDecUtil>: getChecksumFromString returns: bjxG2rvLO94xEtEE0LYmt2nZeKTQFtCOX2nTbB8uSomwn9RBTPcjIurO3+xJv1zlqcDGNz+5l2ale9MezlPYDGVfaWyzBYVdG0U3bzFZX5s=
[2026-09-15T10:47:20.224Z] [PAYTM] INFO [NODE-SDK:1.0.0:3c8d3d15-e905-4a3c-9282-a6370ce627a8] <Request>: process for request: {"head":{"version":"v2","channelId":"WEB","requestTimestamp":"1789469240215","signature":"bjxG2rvLO94xEtEE0LYmt2nZeKTQFtCOX2nTbB8uSomwn9RBTPcjIurO3+xJv1zlqcDGNz+5l2ale9MezlPYDGVfaWyzBYVdG0U3bzFZX5s="},"body":{"requestType":"Payment","mid":"fjuvBp93155030651834","orderId":"PAYTM_3_1789469240211","websiteName":"WEBSTAGING","txnAmount":{"currency":"INR","value":"250.00"},"userInfo":{"custId":"3"},"callbackUrl":"https://overlaid-exact-gumball.ngrok-free.dev/api/payments/paytm/callback"}}
[2026-09-15T10:47:20.226Z] [PAYTM] INFO [NODE-SDK:1.0.0:3c8d3d15-e905-4a3c-9282-a6370ce627a8] <Request>: executeCurl called 
[2026-09-15T10:47:20.226Z] [PAYTM] INFO [NODE-SDK:1.0.0:3c8d3d15-e905-4a3c-9282-a6370ce627a8] <Request>: will make API call to: https://securestage.paytmpayments.com/theia/api/v1/initiateTransaction?mid=fjuvBp93155030651834&orderId=PAYTM_3_1789469240211
[2026-09-15T10:47:20.676Z] [PAYTM] INFO [NODE-SDK:1.0.0:3c8d3d15-e905-4a3c-9282-a6370ce627a8] <Request>: API response received upon successful execution: {"head":{"responseTimestamp":"1789469240786","version":"v1","signature":"E+84vcjWHsh1jkqaYUCb9Z6srlLuCjWtqXBniSPuNO6eiiVP6WlWq1fyaE7+YgMerpp1OyHCIP+bzdFwtuNhoG27TdCQu1RXjE2uNBw4g4M="},"body":{"resultInfo":{"resultStatus":"S","resultCode":"0000","resultMsg":"Success"},"txnToken":"3ebfec95f3da4d5f92ce4de30aa210b61789469240645","isPromoCodeValid":false,"authenticated":false}}
[2026-09-15T10:47:20.678Z] [PAYTM] INFO [NODE-SDK:1.0.0:3c8d3d15-e905-4a3c-9282-a6370ce627a8] <Request>: Raw Response: {"head":{"responseTimestamp":"1789469240786","version":"v1","signature":"E+84vcjWHsh1jkqaYUCb9Z6srlLuCjWtqXBniSPuNO6eiiVP6WlWq1fyaE7+YgMerpp1OyHCIP+bzdFwtuNhoG27TdCQu1RXjE2uNBw4g4M="},"body":{"resultInfo":{"resultStatus":"S","resultCode":"0000","resultMsg":"Success"},"txnToken":"3ebfec95f3da4d5f92ce4de30aa210b61789469240645","isPromoCodeValid":false,"authenticated":false}}
[2026-09-15T10:47:20.679Z] [PAYTM] INFO [NODE-SDK:1.0.0:3c8d3d15-e905-4a3c-9282-a6370ce627a8] <Request>: Response Data Object: {"head":{"signature":"E+84vcjWHsh1jkqaYUCb9Z6srlLuCjWtqXBniSPuNO6eiiVP6WlWq1fyaE7+YgMerpp1OyHCIP+bzdFwtuNhoG27TdCQu1RXjE2uNBw4g4M=","responseTimestamp":"1789469240786","version":"v1"},"body":{"txnToken":"3ebfec95f3da4d5f92ce4de30aa210b61789469240645","isPromoCodeValid":false,"resultInfo":{"resultStatus":"S","resultMsg":"Success","resultCode":"0000"},"extraParamsMap":{}}}
[2026-09-15T10:47:20.679Z] [PAYTM] INFO [NODE-SDK:1.0.0:3c8d3d15-e905-4a3c-9282-a6370ce627a8] <Request>: validating signature 
[2026-09-15T10:47:20.680Z] [PAYTM] INFO [NODE-SDK:1.0.0:3c8d3d15-e905-4a3c-9282-a6370ce627a8] <EncDecUtil>: verifyChecksumByString called()
[2026-09-15T10:47:20.680Z] [PAYTM] INFO [NODE-SDK:1.0.0:3c8d3d15-e905-4a3c-9282-a6370ce627a8] <EncDecUtil>: verifyChecksumByString returns: true
[2026-09-15T10:47:20.681Z] [PAYTM] INFO [NODE-SDK:1.0.0:3c8d3d15-e905-4a3c-9282-a6370ce627a8] <Request>: signature validation passed 
[2026-09-15T10:47:20.681Z] [PAYTM] INFO [NODE-SDK:1.0.0:3c8d3d15-e905-4a3c-9282-a6370ce627a8] <Request>: Execution completed with raw json response: {"head":{"responseTimestamp":"1789469240786","version":"v1","signature":"E+84vcjWHsh1jkqaYUCb9Z6srlLuCjWtqXBniSPuNO6eiiVP6WlWq1fyaE7+YgMerpp1OyHCIP+bzdFwtuNhoG27TdCQu1RXjE2uNBw4g4M="},"body":{"resultInfo":{"resultStatus":"S","resultCode":"0000","resultMsg":"Success"},"txnToken":"3ebfec95f3da4d5f92ce4de30aa210b61789469240645","isPromoCodeValid":false,"authenticated":false}}
[2026-09-15T10:47:42.804Z] [PAYTM] INFO [NODE-SDK:1.0.0:5c692151-87bb-4c81-a865-5517bc95f3d1] <Payment>: In getPaymentStatus PaymentStatusDetail: {"orderId":"PAYTM_3_1789469240211","readTimeout":80000}
[2026-09-15T10:47:42.805Z] [PAYTM] INFO [NODE-SDK:1.0.0:5c692151-87bb-4c81-a865-5517bc95f3d1] <Payment>: validatePaymentStatusDetailObject for request: {"orderId":"PAYTM_3_1789469240211","readTimeout":80000}
[2026-09-15T10:47:42.805Z] [PAYTM] INFO [NODE-SDK:1.0.0:5c692151-87bb-4c81-a865-5517bc95f3d1] <Payment>:  validatePaymentStatusDetailObject returns true 
[2026-09-15T10:47:42.805Z] [PAYTM] INFO [NODE-SDK:1.0.0:5c692151-87bb-4c81-a865-5517bc95f3d1] <CommonUtil>: In getSecureRequestHeader
[2026-09-15T10:47:42.806Z] [PAYTM] INFO [NODE-SDK:1.0.0:5c692151-87bb-4c81-a865-5517bc95f3d1] <Payment>: NativePaymentStatusRequest object {"head":{"version":"v2","channelId":null,"requestTimestamp":"1789469262805","workFlow":null,"signature":null},"body":{"mid":"fjuvBp93155030651834","orderId":"PAYTM_3_1789469240211"}}
[2026-09-15T10:47:42.807Z] [PAYTM] INFO [NODE-SDK:1.0.0:5c692151-87bb-4c81-a865-5517bc95f3d1] <EncDecUtil>: generateSignature() called
[2026-09-15T10:47:42.807Z] [PAYTM] INFO [NODE-SDK:1.0.0:5c692151-87bb-4c81-a865-5517bc95f3d1] <EncDecUtil>: generateRandomString() called
[2026-09-15T10:47:42.808Z] [PAYTM] INFO [NODE-SDK:1.0.0:5c692151-87bb-4c81-a865-5517bc95f3d1] <EncDecUtil>: generateSalt returns: nAVg
[2026-09-15T10:47:42.808Z] [PAYTM] INFO [NODE-SDK:1.0.0:5c692151-87bb-4c81-a865-5517bc95f3d1] <EncDecUtil>: getChecksumFromString returns: xv2QYD2jlajJGXOVR6YauGqPTomZHTQ6TRNAAUUIRwDCQUtwOyVU3U8dTm8e2qNLkHPo9GnkMfUmjF3NVAYubEjZCy/5nTc9VsM9ryGpFz8=
[2026-09-15T10:47:42.809Z] [PAYTM] INFO [NODE-SDK:1.0.0:5c692151-87bb-4c81-a865-5517bc95f3d1] <Request>: process for request: {"head":{"version":"v2","channelId":null,"requestTimestamp":"1789469262805","workFlow":null,"signature":"xv2QYD2jlajJGXOVR6YauGqPTomZHTQ6TRNAAUUIRwDCQUtwOyVU3U8dTm8e2qNLkHPo9GnkMfUmjF3NVAYubEjZCy/5nTc9VsM9ryGpFz8="},"body":{"mid":"fjuvBp93155030651834","orderId":"PAYTM_3_1789469240211"}}
[2026-09-15T10:47:42.809Z] [PAYTM] INFO [NODE-SDK:1.0.0:5c692151-87bb-4c81-a865-5517bc95f3d1] <Request>: executeCurl called 
[2026-09-15T10:47:42.811Z] [PAYTM] INFO [NODE-SDK:1.0.0:5c692151-87bb-4c81-a865-5517bc95f3d1] <Request>: will make API call to: https://securestage.paytmpayments.com/merchant-status/api/v1/getPaymentStatus
[2026-09-15T10:47:43.095Z] [PAYTM] INFO [NODE-SDK:1.0.0:5c692151-87bb-4c81-a865-5517bc95f3d1] <Request>: API response received upon successful execution: {"head":{"responseTimestamp":"1789469263260","version":"v1","signature":"5y+vSK826mdCt8V9Rbsa7gK5d9hotzXN/c5S7gKoC3zlS1L0tTL0MaeKIJt8Sycvvl+VRKfEwwi22N+4tlXmQeW0j9T84G3QuIVE+F+UhsY="},"body":{"resultInfo":{"resultStatus":"TXN_SUCCESS","resultCode":"01","resultMsg":"Txn Success"},"txnId":"20260915211380000306654212650322132","bankTxnId":"16860244869","orderId":"PAYTM_3_1789469240211","txnAmount":"250.00","txnType":"SALE","gatewayName":"SBI","bankName":"State Bank of India","mid":"fjuvBp93155030651834","paymentMode":"NB","refundAmt":"0.0","txnDate":"2026-09-15 16:17:20.0"}}
[2026-09-15T10:47:43.095Z] [PAYTM] INFO [NODE-SDK:1.0.0:5c692151-87bb-4c81-a865-5517bc95f3d1] <Request>: Raw Response: {"head":{"responseTimestamp":"1789469263260","version":"v1","signature":"5y+vSK826mdCt8V9Rbsa7gK5d9hotzXN/c5S7gKoC3zlS1L0tTL0MaeKIJt8Sycvvl+VRKfEwwi22N+4tlXmQeW0j9T84G3QuIVE+F+UhsY="},"body":{"resultInfo":{"resultStatus":"TXN_SUCCESS","resultCode":"01","resultMsg":"Txn Success"},"txnId":"20260915211380000306654212650322132","bankTxnId":"16860244869","orderId":"PAYTM_3_1789469240211","txnAmount":"250.00","txnType":"SALE","gatewayName":"SBI","bankName":"State Bank of India","mid":"fjuvBp93155030651834","paymentMode":"NB","refundAmt":"0.0","txnDate":"2026-09-15 16:17:20.0"}}
[2026-09-15T10:47:43.097Z] [PAYTM] INFO [NODE-SDK:1.0.0:5c692151-87bb-4c81-a865-5517bc95f3d1] <Request>: Response Data Object: {"head":{"signature":"5y+vSK826mdCt8V9Rbsa7gK5d9hotzXN/c5S7gKoC3zlS1L0tTL0MaeKIJt8Sycvvl+VRKfEwwi22N+4tlXmQeW0j9T84G3QuIVE+F+UhsY=","responseTimestamp":"1789469263260","version":"v1"},"body":{"txnId":"20260915211380000306654212650322132","bankTxnId":"16860244869","orderId":"PAYTM_3_1789469240211","txnAmount":"250.00","txnType":"SALE","gatewayName":"SBI","bankName":"State Bank of India","mid":"fjuvBp93155030651834","paymentMode":"NB","refundAmt":"0.0","txnDate":"2026-09-15 16:17:20.0","resultInfo":{"resultStatus":"TXN_SUCCESS","resultMsg":"Txn Success","resultCode":"01"},"extraParamsMap":{}}}
[2026-09-15T10:47:43.097Z] [PAYTM] INFO [NODE-SDK:1.0.0:5c692151-87bb-4c81-a865-5517bc95f3d1] <Request>: validating signature 
[2026-09-15T10:47:43.097Z] [PAYTM] INFO [NODE-SDK:1.0.0:5c692151-87bb-4c81-a865-5517bc95f3d1] <EncDecUtil>: verifyChecksumByString called()
[2026-09-15T10:47:43.097Z] [PAYTM] INFO [NODE-SDK:1.0.0:5c692151-87bb-4c81-a865-5517bc95f3d1] <EncDecUtil>: verifyChecksumByString returns: true
[2026-09-15T10:47:43.098Z] [PAYTM] INFO [NODE-SDK:1.0.0:5c692151-87bb-4c81-a865-5517bc95f3d1] <Request>: signature validation passed 
[2026-09-15T10:47:43.098Z] [PAYTM] INFO [NODE-SDK:1.0.0:5c692151-87bb-4c81-a865-5517bc95f3d1] <Request>: Execution completed with raw json response: {"head":{"responseTimestamp":"1789469263260","version":"v1","signature":"5y+vSK826mdCt8V9Rbsa7gK5d9hotzXN/c5S7gKoC3zlS1L0tTL0MaeKIJt8Sycvvl+VRKfEwwi22N+4tlXmQeW0j9T84G3QuIVE+F+UhsY="},"body":{"resultInfo":{"resultStatus":"TXN_SUCCESS","resultCode":"01","resultMsg":"Txn Success"},"txnId":"20260915211380000306654212650322132","bankTxnId":"16860244869","orderId":"PAYTM_3_1789469240211","txnAmount":"250.00","txnType":"SALE","gatewayName":"SBI","bankName":"State Bank of India","mid":"fjuvBp93155030651834","paymentMode":"NB","refundAmt":"0.0","txnDate":"2026-09-15 16:17:20.0"}}
[2026-09-15T10:48:55.623Z] [PAYTM] INFO [NODE-SDK:1.0.0:b5d0ce79-5f2d-4e26-8e06-7437d1007ed2] <Payment>: In createTxnToken PaymentDetail: {"channelId":"WEB","orderId":"PAYTM_2_1789469335622","txnAmount":{"currency":"INR","value":"250.00"},"userInfo":{"custId":"2"},"readTimeout":80000}
[2026-09-15T10:48:55.623Z] [PAYTM] INFO [NODE-SDK:1.0.0:b5d0ce79-5f2d-4e26-8e06-7437d1007ed2] <Payment>: validatePaymentDetailsObject for object: {"channelId":"WEB","orderId":"PAYTM_2_1789469335622","txnAmount":{"currency":"INR","value":"250.00"},"userInfo":{"custId":"2"},"readTimeout":80000}
[2026-09-15T10:48:55.623Z] [PAYTM] INFO [NODE-SDK:1.0.0:b5d0ce79-5f2d-4e26-8e06-7437d1007ed2] <Payment>:  validatePaymentDetailsObject returns true 
[2026-09-15T10:48:55.623Z] [PAYTM] INFO [NODE-SDK:1.0.0:b5d0ce79-5f2d-4e26-8e06-7437d1007ed2] <CommonUtil>: In getSecureRequestHeader
[2026-09-15T10:48:55.624Z] [PAYTM] INFO [NODE-SDK:1.0.0:b5d0ce79-5f2d-4e26-8e06-7437d1007ed2] <Payment>: InitiateTransactionRequest object {"head":{"version":"v2","channelId":"WEB","requestTimestamp":"1789469335623","signature":null},"body":{"requestType":"Payment","mid":"fjuvBp93155030651834","orderId":"PAYTM_2_1789469335622","websiteName":"WEBSTAGING","txnAmount":{"currency":"INR","value":"250.00"},"userInfo":{"custId":"2"},"callbackUrl":"https://overlaid-exact-gumball.ngrok-free.dev/api/payments/paytm/callback"}}
[2026-09-15T10:48:55.624Z] [PAYTM] INFO [NODE-SDK:1.0.0:b5d0ce79-5f2d-4e26-8e06-7437d1007ed2] <EncDecUtil>: generateSignature() called
[2026-09-15T10:48:55.624Z] [PAYTM] INFO [NODE-SDK:1.0.0:b5d0ce79-5f2d-4e26-8e06-7437d1007ed2] <EncDecUtil>: generateRandomString() called
[2026-09-15T10:48:55.624Z] [PAYTM] INFO [NODE-SDK:1.0.0:b5d0ce79-5f2d-4e26-8e06-7437d1007ed2] <EncDecUtil>: generateSalt returns: IWdf
[2026-09-15T10:48:55.625Z] [PAYTM] INFO [NODE-SDK:1.0.0:b5d0ce79-5f2d-4e26-8e06-7437d1007ed2] <EncDecUtil>: getChecksumFromString returns: DiDfhLNH8T/X9hZwEP2QNpFKhGNyMybCrK2vn2BwE/r/c/jwchwSZEwOCSGfcCZw1ZBSJmkZ0XNPJTAxMUA1HZYe/8XEvxNO5oQqNehgfCA=
[2026-09-15T10:48:55.625Z] [PAYTM] INFO [NODE-SDK:1.0.0:b5d0ce79-5f2d-4e26-8e06-7437d1007ed2] <Request>: process for request: {"head":{"version":"v2","channelId":"WEB","requestTimestamp":"1789469335623","signature":"DiDfhLNH8T/X9hZwEP2QNpFKhGNyMybCrK2vn2BwE/r/c/jwchwSZEwOCSGfcCZw1ZBSJmkZ0XNPJTAxMUA1HZYe/8XEvxNO5oQqNehgfCA="},"body":{"requestType":"Payment","mid":"fjuvBp93155030651834","orderId":"PAYTM_2_1789469335622","websiteName":"WEBSTAGING","txnAmount":{"currency":"INR","value":"250.00"},"userInfo":{"custId":"2"},"callbackUrl":"https://overlaid-exact-gumball.ngrok-free.dev/api/payments/paytm/callback"}}
[2026-09-15T10:48:55.625Z] [PAYTM] INFO [NODE-SDK:1.0.0:b5d0ce79-5f2d-4e26-8e06-7437d1007ed2] <Request>: executeCurl called 
[2026-09-15T10:48:55.625Z] [PAYTM] INFO [NODE-SDK:1.0.0:b5d0ce79-5f2d-4e26-8e06-7437d1007ed2] <Request>: will make API call to: https://securestage.paytmpayments.com/theia/api/v1/initiateTransaction?mid=fjuvBp93155030651834&orderId=PAYTM_2_1789469335622
[2026-09-15T10:48:56.106Z] [PAYTM] INFO [NODE-SDK:1.0.0:b5d0ce79-5f2d-4e26-8e06-7437d1007ed2] <Request>: API response received upon successful execution: {"head":{"responseTimestamp":"1789469336213","version":"v1","signature":"ydAWreeIKMMcMLXGfY59MEfe6+HAVMg71fFoWCzC2+VNfQb12YL1kTTRP3iyNws3DnTtqTdjoob3zLrQoCCRRftp93HsoK6mKGIAeFu9ix0="},"body":{"resultInfo":{"resultStatus":"S","resultCode":"0000","resultMsg":"Success"},"txnToken":"55684b0de7e84b7ca47a275c1513a81a1789469336054","isPromoCodeValid":false,"authenticated":false}}
[2026-09-15T10:48:56.107Z] [PAYTM] INFO [NODE-SDK:1.0.0:b5d0ce79-5f2d-4e26-8e06-7437d1007ed2] <Request>: Raw Response: {"head":{"responseTimestamp":"1789469336213","version":"v1","signature":"ydAWreeIKMMcMLXGfY59MEfe6+HAVMg71fFoWCzC2+VNfQb12YL1kTTRP3iyNws3DnTtqTdjoob3zLrQoCCRRftp93HsoK6mKGIAeFu9ix0="},"body":{"resultInfo":{"resultStatus":"S","resultCode":"0000","resultMsg":"Success"},"txnToken":"55684b0de7e84b7ca47a275c1513a81a1789469336054","isPromoCodeValid":false,"authenticated":false}}
[2026-09-15T10:48:56.107Z] [PAYTM] INFO [NODE-SDK:1.0.0:b5d0ce79-5f2d-4e26-8e06-7437d1007ed2] <Request>: Response Data Object: {"head":{"signature":"ydAWreeIKMMcMLXGfY59MEfe6+HAVMg71fFoWCzC2+VNfQb12YL1kTTRP3iyNws3DnTtqTdjoob3zLrQoCCRRftp93HsoK6mKGIAeFu9ix0=","responseTimestamp":"1789469336213","version":"v1"},"body":{"txnToken":"55684b0de7e84b7ca47a275c1513a81a1789469336054","isPromoCodeValid":false,"resultInfo":{"resultStatus":"S","resultMsg":"Success","resultCode":"0000"},"extraParamsMap":{}}}
[2026-09-15T10:48:56.107Z] [PAYTM] INFO [NODE-SDK:1.0.0:b5d0ce79-5f2d-4e26-8e06-7437d1007ed2] <Request>: validating signature 
[2026-09-15T10:48:56.107Z] [PAYTM] INFO [NODE-SDK:1.0.0:b5d0ce79-5f2d-4e26-8e06-7437d1007ed2] <EncDecUtil>: verifyChecksumByString called()
[2026-09-15T10:48:56.108Z] [PAYTM] INFO [NODE-SDK:1.0.0:b5d0ce79-5f2d-4e26-8e06-7437d1007ed2] <EncDecUtil>: verifyChecksumByString returns: true
[2026-09-15T10:48:56.108Z] [PAYTM] INFO [NODE-SDK:1.0.0:b5d0ce79-5f2d-4e26-8e06-7437d1007ed2] <Request>: signature validation passed 
[2026-09-15T10:48:56.108Z] [PAYTM] INFO [NODE-SDK:1.0.0:b5d0ce79-5f2d-4e26-8e06-7437d1007ed2] <Request>: Execution completed with raw json response: {"head":{"responseTimestamp":"1789469336213","version":"v1","signature":"ydAWreeIKMMcMLXGfY59MEfe6+HAVMg71fFoWCzC2+VNfQb12YL1kTTRP3iyNws3DnTtqTdjoob3zLrQoCCRRftp93HsoK6mKGIAeFu9ix0="},"body":{"resultInfo":{"resultStatus":"S","resultCode":"0000","resultMsg":"Success"},"txnToken":"55684b0de7e84b7ca47a275c1513a81a1789469336054","isPromoCodeValid":false,"authenticated":false}}
[2026-09-15T10:49:35.042Z] [PAYTM] INFO [NODE-SDK:1.0.0:092d248f-28de-4f2a-bb6a-e4b60fab4562] <Payment>: In getPaymentStatus PaymentStatusDetail: {"orderId":"PAYTM_2_1789469335622","readTimeout":80000}
[2026-09-15T10:49:35.042Z] [PAYTM] INFO [NODE-SDK:1.0.0:092d248f-28de-4f2a-bb6a-e4b60fab4562] <Payment>: validatePaymentStatusDetailObject for request: {"orderId":"PAYTM_2_1789469335622","readTimeout":80000}
[2026-09-15T10:49:35.042Z] [PAYTM] INFO [NODE-SDK:1.0.0:092d248f-28de-4f2a-bb6a-e4b60fab4562] <Payment>:  validatePaymentStatusDetailObject returns true 
[2026-09-15T10:49:35.042Z] [PAYTM] INFO [NODE-SDK:1.0.0:092d248f-28de-4f2a-bb6a-e4b60fab4562] <CommonUtil>: In getSecureRequestHeader
[2026-09-15T10:49:35.042Z] [PAYTM] INFO [NODE-SDK:1.0.0:092d248f-28de-4f2a-bb6a-e4b60fab4562] <Payment>: NativePaymentStatusRequest object {"head":{"version":"v2","channelId":null,"requestTimestamp":"1789469375042","workFlow":null,"signature":null},"body":{"mid":"fjuvBp93155030651834","orderId":"PAYTM_2_1789469335622"}}
[2026-09-15T10:49:35.042Z] [PAYTM] INFO [NODE-SDK:1.0.0:092d248f-28de-4f2a-bb6a-e4b60fab4562] <EncDecUtil>: generateSignature() called
[2026-09-15T10:49:35.042Z] [PAYTM] INFO [NODE-SDK:1.0.0:092d248f-28de-4f2a-bb6a-e4b60fab4562] <EncDecUtil>: generateRandomString() called
[2026-09-15T10:49:35.042Z] [PAYTM] INFO [NODE-SDK:1.0.0:092d248f-28de-4f2a-bb6a-e4b60fab4562] <EncDecUtil>: generateSalt returns: v7FA
[2026-09-15T10:49:35.042Z] [PAYTM] INFO [NODE-SDK:1.0.0:092d248f-28de-4f2a-bb6a-e4b60fab4562] <EncDecUtil>: getChecksumFromString returns: qhb9J17iZZDCIJ4uqUpQ1VF5qZ2bdQiJPwgq3ps2Ee9KDW06APvZ6pjM+aX6qHLmFuC7jNtfTMpgvEMQg1C/BOMTfczaHcELuF4vX6vEXwc=
[2026-09-15T10:49:35.043Z] [PAYTM] INFO [NODE-SDK:1.0.0:092d248f-28de-4f2a-bb6a-e4b60fab4562] <Request>: process for request: {"head":{"version":"v2","channelId":null,"requestTimestamp":"1789469375042","workFlow":null,"signature":"qhb9J17iZZDCIJ4uqUpQ1VF5qZ2bdQiJPwgq3ps2Ee9KDW06APvZ6pjM+aX6qHLmFuC7jNtfTMpgvEMQg1C/BOMTfczaHcELuF4vX6vEXwc="},"body":{"mid":"fjuvBp93155030651834","orderId":"PAYTM_2_1789469335622"}}
[2026-09-15T10:49:35.043Z] [PAYTM] INFO [NODE-SDK:1.0.0:092d248f-28de-4f2a-bb6a-e4b60fab4562] <Request>: executeCurl called 
[2026-09-15T10:49:35.043Z] [PAYTM] INFO [NODE-SDK:1.0.0:092d248f-28de-4f2a-bb6a-e4b60fab4562] <Request>: will make API call to: https://securestage.paytmpayments.com/merchant-status/api/v1/getPaymentStatus
[2026-09-15T10:49:35.302Z] [PAYTM] INFO [NODE-SDK:1.0.0:092d248f-28de-4f2a-bb6a-e4b60fab4562] <Request>: API response received upon successful execution: {"head":{"responseTimestamp":"1789469375491","version":"v1","signature":"u6OjPivud/HZ6z64jkrbwtM7NwuXu4QDhELLyaWi63pMiI9OccY1rmY9YeXBSmNbg379JURgJOncDB01IUhLMWSrLpaJZrwls7qHP+FkCiI="},"body":{"resultInfo":{"resultStatus":"TXN_SUCCESS","resultCode":"01","resultMsg":"Txn Success"},"txnId":"20260915211380000306654612833064184","bankTxnId":"15501119909","orderId":"PAYTM_2_1789469335622","txnAmount":"250.00","txnType":"SALE","gatewayName":"HDFC","bankName":"HDFC Bank","mid":"fjuvBp93155030651834","paymentMode":"NB","refundAmt":"0.0","txnDate":"2026-09-15 16:18:56.0"}}
[2026-09-15T10:49:35.303Z] [PAYTM] INFO [NODE-SDK:1.0.0:092d248f-28de-4f2a-bb6a-e4b60fab4562] <Request>: Raw Response: {"head":{"responseTimestamp":"1789469375491","version":"v1","signature":"u6OjPivud/HZ6z64jkrbwtM7NwuXu4QDhELLyaWi63pMiI9OccY1rmY9YeXBSmNbg379JURgJOncDB01IUhLMWSrLpaJZrwls7qHP+FkCiI="},"body":{"resultInfo":{"resultStatus":"TXN_SUCCESS","resultCode":"01","resultMsg":"Txn Success"},"txnId":"20260915211380000306654612833064184","bankTxnId":"15501119909","orderId":"PAYTM_2_1789469335622","txnAmount":"250.00","txnType":"SALE","gatewayName":"HDFC","bankName":"HDFC Bank","mid":"fjuvBp93155030651834","paymentMode":"NB","refundAmt":"0.0","txnDate":"2026-09-15 16:18:56.0"}}
[2026-09-15T10:49:35.303Z] [PAYTM] INFO [NODE-SDK:1.0.0:092d248f-28de-4f2a-bb6a-e4b60fab4562] <Request>: Response Data Object: {"head":{"signature":"u6OjPivud/HZ6z64jkrbwtM7NwuXu4QDhELLyaWi63pMiI9OccY1rmY9YeXBSmNbg379JURgJOncDB01IUhLMWSrLpaJZrwls7qHP+FkCiI=","responseTimestamp":"1789469375491","version":"v1"},"body":{"txnId":"20260915211380000306654612833064184","bankTxnId":"15501119909","orderId":"PAYTM_2_1789469335622","txnAmount":"250.00","txnType":"SALE","gatewayName":"HDFC","bankName":"HDFC Bank","mid":"fjuvBp93155030651834","paymentMode":"NB","refundAmt":"0.0","txnDate":"2026-09-15 16:18:56.0","resultInfo":{"resultStatus":"TXN_SUCCESS","resultMsg":"Txn Success","resultCode":"01"},"extraParamsMap":{}}}
[2026-09-15T10:49:35.303Z] [PAYTM] INFO [NODE-SDK:1.0.0:092d248f-28de-4f2a-bb6a-e4b60fab4562] <Request>: validating signature 
[2026-09-15T10:49:35.303Z] [PAYTM] INFO [NODE-SDK:1.0.0:092d248f-28de-4f2a-bb6a-e4b60fab4562] <EncDecUtil>: verifyChecksumByString called()
[2026-09-15T10:49:35.303Z] [PAYTM] INFO [NODE-SDK:1.0.0:092d248f-28de-4f2a-bb6a-e4b60fab4562] <EncDecUtil>: verifyChecksumByString returns: true
[2026-09-15T10:49:35.303Z] [PAYTM] INFO [NODE-SDK:1.0.0:092d248f-28de-4f2a-bb6a-e4b60fab4562] <Request>: signature validation passed 
[2026-09-15T10:49:35.304Z] [PAYTM] INFO [NODE-SDK:1.0.0:092d248f-28de-4f2a-bb6a-e4b60fab4562] <Request>: Execution completed with raw json response: {"head":{"responseTimestamp":"1789469375491","version":"v1","signature":"u6OjPivud/HZ6z64jkrbwtM7NwuXu4QDhELLyaWi63pMiI9OccY1rmY9YeXBSmNbg379JURgJOncDB01IUhLMWSrLpaJZrwls7qHP+FkCiI="},"body":{"resultInfo":{"resultStatus":"TXN_SUCCESS","resultCode":"01","resultMsg":"Txn Success"},"txnId":"20260915211380000306654612833064184","bankTxnId":"15501119909","orderId":"PAYTM_2_1789469335622","txnAmount":"250.00","txnType":"SALE","gatewayName":"HDFC","bankName":"HDFC Bank","mid":"fjuvBp93155030651834","paymentMode":"NB","refundAmt":"0.0","txnDate":"2026-09-15 16:18:56.0"}}
[2026-09-15T11:00:14.394Z] [PAYTM] INFO [NODE-SDK1.0.0] <MerchantProperties>: initialize called
[2026-09-15T11:00:14.395Z] [PAYTM] INFO [NODE-SDK1.0.0] <MerchantProperties>: Setting Environment for STAGE
[2026-09-16T06:21:44.679Z] [PAYTM] INFO [NODE-SDK1.0.0] <MerchantProperties>: initialize called
[2026-09-16T06:21:44.683Z] [PAYTM] INFO [NODE-SDK1.0.0] <MerchantProperties>: Setting Environment for STAGE
[2026-09-16T06:22:20.026Z] [PAYTM] INFO [NODE-SDK1.0.0] <MerchantProperties>: initialize called
[2026-09-16T06:22:20.027Z] [PAYTM] INFO [NODE-SDK1.0.0] <MerchantProperties>: Setting Environment for STAGE
[2026-09-16T06:22:42.356Z] [PAYTM] INFO [NODE-SDK1.0.0] <MerchantProperties>: initialize called
[2026-09-16T06:22:42.359Z] [PAYTM] INFO [NODE-SDK1.0.0] <MerchantProperties>: Setting Environment for STAGE
[2026-09-16T06:31:02.265Z] [PAYTM] INFO [NODE-SDK1.0.0] <MerchantProperties>: initialize called
[2026-09-16T06:31:02.268Z] [PAYTM] INFO [NODE-SDK1.0.0] <MerchantProperties>: Setting Environment for STAGE
[2026-09-16T06:33:07.837Z] [PAYTM] INFO [NODE-SDK:1.0.0:ddab4d1d-ce40-43ba-8405-4ab2e714f2f2] <Payment>: In createTxnToken PaymentDetail: {"channelId":"WEB","orderId":"PAYTM_2_1789540387834","txnAmount":{"currency":"INR","value":"500.00"},"userInfo":{"custId":"2"},"readTimeout":80000}
[2026-09-16T06:33:07.838Z] [PAYTM] INFO [NODE-SDK:1.0.0:ddab4d1d-ce40-43ba-8405-4ab2e714f2f2] <Payment>: validatePaymentDetailsObject for object: {"channelId":"WEB","orderId":"PAYTM_2_1789540387834","txnAmount":{"currency":"INR","value":"500.00"},"userInfo":{"custId":"2"},"readTimeout":80000}
[2026-09-16T06:33:07.839Z] [PAYTM] INFO [NODE-SDK:1.0.0:ddab4d1d-ce40-43ba-8405-4ab2e714f2f2] <Payment>:  validatePaymentDetailsObject returns true 
[2026-09-16T06:33:07.839Z] [PAYTM] INFO [NODE-SDK:1.0.0:ddab4d1d-ce40-43ba-8405-4ab2e714f2f2] <CommonUtil>: In getSecureRequestHeader
[2026-09-16T06:33:07.842Z] [PAYTM] INFO [NODE-SDK:1.0.0:ddab4d1d-ce40-43ba-8405-4ab2e714f2f2] <Payment>: InitiateTransactionRequest object {"head":{"version":"v2","channelId":"WEB","requestTimestamp":"1789540387840","signature":null},"body":{"requestType":"Payment","mid":"fjuvBp93155030651834","orderId":"PAYTM_2_1789540387834","websiteName":"WEBSTAGING","txnAmount":{"currency":"INR","value":"500.00"},"userInfo":{"custId":"2"},"callbackUrl":"https://overlaid-exact-gumball.ngrok-free.dev/api/payments/paytm/callback"}}
[2026-09-16T06:33:07.842Z] [PAYTM] INFO [NODE-SDK:1.0.0:ddab4d1d-ce40-43ba-8405-4ab2e714f2f2] <EncDecUtil>: generateSignature() called
[2026-09-16T06:33:07.843Z] [PAYTM] INFO [NODE-SDK:1.0.0:ddab4d1d-ce40-43ba-8405-4ab2e714f2f2] <EncDecUtil>: generateRandomString() called
[2026-09-16T06:33:07.848Z] [PAYTM] INFO [NODE-SDK:1.0.0:ddab4d1d-ce40-43ba-8405-4ab2e714f2f2] <EncDecUtil>: generateSalt returns: 3r99
[2026-09-16T06:33:07.852Z] [PAYTM] INFO [NODE-SDK:1.0.0:ddab4d1d-ce40-43ba-8405-4ab2e714f2f2] <EncDecUtil>: getChecksumFromString returns: 0AB6f9cjy5w7fYHc9CXwkAdJmZa4KxqvLdkpsA/jAPDzGRoeXlkNRgGZ1ClwTdnJ5ByBQ7NwnIS3cXmZ5/xv1PZZYrLq+rePX/Ev7gwm0dk=
[2026-09-16T06:33:07.853Z] [PAYTM] INFO [NODE-SDK:1.0.0:ddab4d1d-ce40-43ba-8405-4ab2e714f2f2] <Request>: process for request: {"head":{"version":"v2","channelId":"WEB","requestTimestamp":"1789540387840","signature":"0AB6f9cjy5w7fYHc9CXwkAdJmZa4KxqvLdkpsA/jAPDzGRoeXlkNRgGZ1ClwTdnJ5ByBQ7NwnIS3cXmZ5/xv1PZZYrLq+rePX/Ev7gwm0dk="},"body":{"requestType":"Payment","mid":"fjuvBp93155030651834","orderId":"PAYTM_2_1789540387834","websiteName":"WEBSTAGING","txnAmount":{"currency":"INR","value":"500.00"},"userInfo":{"custId":"2"},"callbackUrl":"https://overlaid-exact-gumball.ngrok-free.dev/api/payments/paytm/callback"}}
[2026-09-16T06:33:07.854Z] [PAYTM] INFO [NODE-SDK:1.0.0:ddab4d1d-ce40-43ba-8405-4ab2e714f2f2] <Request>: executeCurl called 
[2026-09-16T06:33:07.854Z] [PAYTM] INFO [NODE-SDK:1.0.0:ddab4d1d-ce40-43ba-8405-4ab2e714f2f2] <Request>: will make API call to: https://securestage.paytmpayments.com/theia/api/v1/initiateTransaction?mid=fjuvBp93155030651834&orderId=PAYTM_2_1789540387834
[2026-09-16T06:33:08.817Z] [PAYTM] INFO [NODE-SDK:1.0.0:ddab4d1d-ce40-43ba-8405-4ab2e714f2f2] <Request>: API response received upon successful execution: {"head":{"responseTimestamp":"1789540389259","version":"v1","signature":"Lzcg5+lA6EDMcDxZ27zEhWYhiRSRHA9rxLnpNTf5N1CeKQ3+f9dnDsop/o2dNDudzKk96FsCS28OlrLJJOfUFuTYiyqG6SJmSynAPbS9nBE="},"body":{"resultInfo":{"resultStatus":"S","resultCode":"0000","resultMsg":"Success"},"txnToken":"aa813c7b10e2416e8b2f8cf5243c74561789540388804","isPromoCodeValid":false,"authenticated":false}}
[2026-09-16T06:33:08.819Z] [PAYTM] INFO [NODE-SDK:1.0.0:ddab4d1d-ce40-43ba-8405-4ab2e714f2f2] <Request>: Raw Response: {"head":{"responseTimestamp":"1789540389259","version":"v1","signature":"Lzcg5+lA6EDMcDxZ27zEhWYhiRSRHA9rxLnpNTf5N1CeKQ3+f9dnDsop/o2dNDudzKk96FsCS28OlrLJJOfUFuTYiyqG6SJmSynAPbS9nBE="},"body":{"resultInfo":{"resultStatus":"S","resultCode":"0000","resultMsg":"Success"},"txnToken":"aa813c7b10e2416e8b2f8cf5243c74561789540388804","isPromoCodeValid":false,"authenticated":false}}
[2026-09-16T06:33:08.821Z] [PAYTM] INFO [NODE-SDK:1.0.0:ddab4d1d-ce40-43ba-8405-4ab2e714f2f2] <Request>: Response Data Object: {"head":{"signature":"Lzcg5+lA6EDMcDxZ27zEhWYhiRSRHA9rxLnpNTf5N1CeKQ3+f9dnDsop/o2dNDudzKk96FsCS28OlrLJJOfUFuTYiyqG6SJmSynAPbS9nBE=","responseTimestamp":"1789540389259","version":"v1"},"body":{"txnToken":"aa813c7b10e2416e8b2f8cf5243c74561789540388804","isPromoCodeValid":false,"resultInfo":{"resultStatus":"S","resultMsg":"Success","resultCode":"0000"},"extraParamsMap":{}}}
[2026-09-16T06:33:08.821Z] [PAYTM] INFO [NODE-SDK:1.0.0:ddab4d1d-ce40-43ba-8405-4ab2e714f2f2] <Request>: validating signature 
[2026-09-16T06:33:08.821Z] [PAYTM] INFO [NODE-SDK:1.0.0:ddab4d1d-ce40-43ba-8405-4ab2e714f2f2] <EncDecUtil>: verifyChecksumByString called()
[2026-09-16T06:33:08.822Z] [PAYTM] INFO [NODE-SDK:1.0.0:ddab4d1d-ce40-43ba-8405-4ab2e714f2f2] <EncDecUtil>: verifyChecksumByString returns: true
[2026-09-16T06:33:08.822Z] [PAYTM] INFO [NODE-SDK:1.0.0:ddab4d1d-ce40-43ba-8405-4ab2e714f2f2] <Request>: signature validation passed 
[2026-09-16T06:33:08.822Z] [PAYTM] INFO [NODE-SDK:1.0.0:ddab4d1d-ce40-43ba-8405-4ab2e714f2f2] <Request>: Execution completed with raw json response: {"head":{"responseTimestamp":"1789540389259","version":"v1","signature":"Lzcg5+lA6EDMcDxZ27zEhWYhiRSRHA9rxLnpNTf5N1CeKQ3+f9dnDsop/o2dNDudzKk96FsCS28OlrLJJOfUFuTYiyqG6SJmSynAPbS9nBE="},"body":{"resultInfo":{"resultStatus":"S","resultCode":"0000","resultMsg":"Success"},"txnToken":"aa813c7b10e2416e8b2f8cf5243c74561789540388804","isPromoCodeValid":false,"authenticated":false}}
[2026-09-16T06:33:26.700Z] [PAYTM] INFO [NODE-SDK:1.0.0:0de570d1-fd3f-4ba3-87e0-bf1b7f6f276e] <Payment>: In getPaymentStatus PaymentStatusDetail: {"orderId":"PAYTM_2_1789540387834","readTimeout":80000}
[2026-09-16T06:33:26.700Z] [PAYTM] INFO [NODE-SDK:1.0.0:0de570d1-fd3f-4ba3-87e0-bf1b7f6f276e] <Payment>: validatePaymentStatusDetailObject for request: {"orderId":"PAYTM_2_1789540387834","readTimeout":80000}
[2026-09-16T06:33:26.700Z] [PAYTM] INFO [NODE-SDK:1.0.0:0de570d1-fd3f-4ba3-87e0-bf1b7f6f276e] <Payment>:  validatePaymentStatusDetailObject returns true 
[2026-09-16T06:33:26.701Z] [PAYTM] INFO [NODE-SDK:1.0.0:0de570d1-fd3f-4ba3-87e0-bf1b7f6f276e] <CommonUtil>: In getSecureRequestHeader
[2026-09-16T06:33:26.702Z] [PAYTM] INFO [NODE-SDK:1.0.0:0de570d1-fd3f-4ba3-87e0-bf1b7f6f276e] <Payment>: NativePaymentStatusRequest object {"head":{"version":"v2","channelId":null,"requestTimestamp":"1789540406701","workFlow":null,"signature":null},"body":{"mid":"fjuvBp93155030651834","orderId":"PAYTM_2_1789540387834"}}
[2026-09-16T06:33:26.702Z] [PAYTM] INFO [NODE-SDK:1.0.0:0de570d1-fd3f-4ba3-87e0-bf1b7f6f276e] <EncDecUtil>: generateSignature() called
[2026-09-16T06:33:26.702Z] [PAYTM] INFO [NODE-SDK:1.0.0:0de570d1-fd3f-4ba3-87e0-bf1b7f6f276e] <EncDecUtil>: generateRandomString() called
[2026-09-16T06:33:26.703Z] [PAYTM] INFO [NODE-SDK:1.0.0:0de570d1-fd3f-4ba3-87e0-bf1b7f6f276e] <EncDecUtil>: generateSalt returns: GWit
[2026-09-16T06:33:26.704Z] [PAYTM] INFO [NODE-SDK:1.0.0:0de570d1-fd3f-4ba3-87e0-bf1b7f6f276e] <EncDecUtil>: getChecksumFromString returns: nTqcCblPY6AWunyqRWNC9mDrUh5gn28Xs8bJ8mvlTxw3RZCOaZjCtRVpdFaEUlSgxXQWw4K95XjHh7XWu2S+L8DdF32MNyhvgBGrwDn9WPo=
[2026-09-16T06:33:26.704Z] [PAYTM] INFO [NODE-SDK:1.0.0:0de570d1-fd3f-4ba3-87e0-bf1b7f6f276e] <Request>: process for request: {"head":{"version":"v2","channelId":null,"requestTimestamp":"1789540406701","workFlow":null,"signature":"nTqcCblPY6AWunyqRWNC9mDrUh5gn28Xs8bJ8mvlTxw3RZCOaZjCtRVpdFaEUlSgxXQWw4K95XjHh7XWu2S+L8DdF32MNyhvgBGrwDn9WPo="},"body":{"mid":"fjuvBp93155030651834","orderId":"PAYTM_2_1789540387834"}}
[2026-09-16T06:33:26.704Z] [PAYTM] INFO [NODE-SDK:1.0.0:0de570d1-fd3f-4ba3-87e0-bf1b7f6f276e] <Request>: executeCurl called 
[2026-09-16T06:33:26.705Z] [PAYTM] INFO [NODE-SDK:1.0.0:0de570d1-fd3f-4ba3-87e0-bf1b7f6f276e] <Request>: will make API call to: https://securestage.paytmpayments.com/merchant-status/api/v1/getPaymentStatus
[2026-09-16T06:33:26.956Z] [PAYTM] INFO [NODE-SDK:1.0.0:0de570d1-fd3f-4ba3-87e0-bf1b7f6f276e] <Request>: API response received upon successful execution: {"head":{"responseTimestamp":"1789540407406","version":"v1","signature":"h4mRY5TxjuzPn4wJ8jtaID5ygp9jr7vKEsqSreLBw/UQSlyXFIXU4EdBcji3FnXtpKInVdy2lP6xODl2tyd7JU4bojez49mNymcjZYq5B9I="},"body":{"resultInfo":{"resultStatus":"TXN_SUCCESS","resultCode":"01","resultMsg":"Txn Success"},"txnId":"20260916211410000306952630857687560","bankTxnId":"13311133539","orderId":"PAYTM_2_1789540387834","txnAmount":"500.00","txnType":"SALE","gatewayName":"HDFC","bankName":"HDFC Bank","mid":"fjuvBp93155030651834","paymentMode":"NB","refundAmt":"0.0","txnDate":"2026-09-16 12:03:09.0"}}
[2026-09-16T06:33:26.956Z] [PAYTM] INFO [NODE-SDK:1.0.0:0de570d1-fd3f-4ba3-87e0-bf1b7f6f276e] <Request>: Raw Response: {"head":{"responseTimestamp":"1789540407406","version":"v1","signature":"h4mRY5TxjuzPn4wJ8jtaID5ygp9jr7vKEsqSreLBw/UQSlyXFIXU4EdBcji3FnXtpKInVdy2lP6xODl2tyd7JU4bojez49mNymcjZYq5B9I="},"body":{"resultInfo":{"resultStatus":"TXN_SUCCESS","resultCode":"01","resultMsg":"Txn Success"},"txnId":"20260916211410000306952630857687560","bankTxnId":"13311133539","orderId":"PAYTM_2_1789540387834","txnAmount":"500.00","txnType":"SALE","gatewayName":"HDFC","bankName":"HDFC Bank","mid":"fjuvBp93155030651834","paymentMode":"NB","refundAmt":"0.0","txnDate":"2026-09-16 12:03:09.0"}}
[2026-09-16T06:33:26.959Z] [PAYTM] INFO [NODE-SDK:1.0.0:0de570d1-fd3f-4ba3-87e0-bf1b7f6f276e] <Request>: Response Data Object: {"head":{"signature":"h4mRY5TxjuzPn4wJ8jtaID5ygp9jr7vKEsqSreLBw/UQSlyXFIXU4EdBcji3FnXtpKInVdy2lP6xODl2tyd7JU4bojez49mNymcjZYq5B9I=","responseTimestamp":"1789540407406","version":"v1"},"body":{"txnId":"20260916211410000306952630857687560","bankTxnId":"13311133539","orderId":"PAYTM_2_1789540387834","txnAmount":"500.00","txnType":"SALE","gatewayName":"HDFC","bankName":"HDFC Bank","mid":"fjuvBp93155030651834","paymentMode":"NB","refundAmt":"0.0","txnDate":"2026-09-16 12:03:09.0","resultInfo":{"resultStatus":"TXN_SUCCESS","resultMsg":"Txn Success","resultCode":"01"},"extraParamsMap":{}}}
[2026-09-16T06:33:26.959Z] [PAYTM] INFO [NODE-SDK:1.0.0:0de570d1-fd3f-4ba3-87e0-bf1b7f6f276e] <Request>: validating signature 
[2026-09-16T06:33:26.959Z] [PAYTM] INFO [NODE-SDK:1.0.0:0de570d1-fd3f-4ba3-87e0-bf1b7f6f276e] <EncDecUtil>: verifyChecksumByString called()
[2026-09-16T06:33:26.960Z] [PAYTM] INFO [NODE-SDK:1.0.0:0de570d1-fd3f-4ba3-87e0-bf1b7f6f276e] <EncDecUtil>: verifyChecksumByString returns: true
[2026-09-16T06:33:26.960Z] [PAYTM] INFO [NODE-SDK:1.0.0:0de570d1-fd3f-4ba3-87e0-bf1b7f6f276e] <Request>: signature validation passed 
[2026-09-16T06:33:26.960Z] [PAYTM] INFO [NODE-SDK:1.0.0:0de570d1-fd3f-4ba3-87e0-bf1b7f6f276e] <Request>: Execution completed with raw json response: {"head":{"responseTimestamp":"1789540407406","version":"v1","signature":"h4mRY5TxjuzPn4wJ8jtaID5ygp9jr7vKEsqSreLBw/UQSlyXFIXU4EdBcji3FnXtpKInVdy2lP6xODl2tyd7JU4bojez49mNymcjZYq5B9I="},"body":{"resultInfo":{"resultStatus":"TXN_SUCCESS","resultCode":"01","resultMsg":"Txn Success"},"txnId":"20260916211410000306952630857687560","bankTxnId":"13311133539","orderId":"PAYTM_2_1789540387834","txnAmount":"500.00","txnType":"SALE","gatewayName":"HDFC","bankName":"HDFC Bank","mid":"fjuvBp93155030651834","paymentMode":"NB","refundAmt":"0.0","txnDate":"2026-09-16 12:03:09.0"}}
[2026-09-17T04:54:01.026Z] [PAYTM] INFO [NODE-SDK1.0.0] <MerchantProperties>: initialize called
[2026-09-17T04:54:01.029Z] [PAYTM] INFO [NODE-SDK1.0.0] <MerchantProperties>: Setting Environment for STAGE
[2026-09-17T05:45:14.048Z] [PAYTM] INFO [NODE-SDK1.0.0] <MerchantProperties>: initialize called
[2026-09-17T05:45:14.049Z] [PAYTM] INFO [NODE-SDK1.0.0] <MerchantProperties>: Setting Environment for STAGE
[2026-09-17T05:52:03.215Z] [PAYTM] INFO [NODE-SDK1.0.0] <MerchantProperties>: initialize called
[2026-09-17T05:52:03.216Z] [PAYTM] INFO [NODE-SDK1.0.0] <MerchantProperties>: Setting Environment for STAGE
[2026-09-17T05:55:28.831Z] [PAYTM] INFO [NODE-SDK1.0.0] <MerchantProperties>: initialize called
[2026-09-17T05:55:28.832Z] [PAYTM] INFO [NODE-SDK1.0.0] <MerchantProperties>: Setting Environment for STAGE
[2026-09-17T05:56:45.169Z] [PAYTM] INFO [NODE-SDK1.0.0] <MerchantProperties>: initialize called
[2026-09-17T05:56:45.170Z] [PAYTM] INFO [NODE-SDK1.0.0] <MerchantProperties>: Setting Environment for STAGE
[2026-09-17T05:58:53.641Z] [PAYTM] INFO [NODE-SDK1.0.0] <MerchantProperties>: initialize called
[2026-09-17T05:58:53.642Z] [PAYTM] INFO [NODE-SDK1.0.0] <MerchantProperties>: Setting Environment for STAGE
[2026-09-17T06:00:59.303Z] [PAYTM] INFO [NODE-SDK1.0.0] <MerchantProperties>: initialize called
[2026-09-17T06:00:59.304Z] [PAYTM] INFO [NODE-SDK1.0.0] <MerchantProperties>: Setting Environment for STAGE
[2026-09-17T06:08:14.346Z] [PAYTM] INFO [NODE-SDK1.0.0] <MerchantProperties>: initialize called
[2026-09-17T06:08:14.347Z] [PAYTM] INFO [NODE-SDK1.0.0] <MerchantProperties>: Setting Environment for STAGE
[2026-09-17T06:15:41.715Z] [PAYTM] INFO [NODE-SDK1.0.0] <MerchantProperties>: initialize called
[2026-09-17T06:15:41.716Z] [PAYTM] INFO [NODE-SDK1.0.0] <MerchantProperties>: Setting Environment for STAGE
[2026-09-17T06:19:43.631Z] [PAYTM] INFO [NODE-SDK1.0.0] <MerchantProperties>: initialize called
[2026-09-17T06:19:43.632Z] [PAYTM] INFO [NODE-SDK1.0.0] <MerchantProperties>: Setting Environment for STAGE
[2026-09-17T06:54:50.325Z] [PAYTM] INFO [NODE-SDK1.0.0] <MerchantProperties>: initialize called
[2026-09-17T06:54:50.327Z] [PAYTM] INFO [NODE-SDK1.0.0] <MerchantProperties>: Setting Environment for STAGE
[2026-09-17T06:57:51.597Z] [PAYTM] INFO [NODE-SDK1.0.0] <MerchantProperties>: initialize called
[2026-09-17T06:57:51.598Z] [PAYTM] INFO [NODE-SDK1.0.0] <MerchantProperties>: Setting Environment for STAGE
[2026-09-17T07:01:34.072Z] [PAYTM] INFO [NODE-SDK1.0.0] <MerchantProperties>: initialize called
[2026-09-17T07:01:34.073Z] [PAYTM] INFO [NODE-SDK1.0.0] <MerchantProperties>: Setting Environment for STAGE
[2026-09-17T07:11:36.609Z] [PAYTM] INFO [NODE-SDK1.0.0] <MerchantProperties>: initialize called
[2026-09-17T07:11:36.610Z] [PAYTM] INFO [NODE-SDK1.0.0] <MerchantProperties>: Setting Environment for STAGE
[2026-09-17T08:56:37.960Z] [PAYTM] INFO [NODE-SDK1.0.0] <MerchantProperties>: initialize called
[2026-09-17T08:56:37.962Z] [PAYTM] INFO [NODE-SDK1.0.0] <MerchantProperties>: Setting Environment for STAGE
[2026-09-17T08:58:35.546Z] [PAYTM] INFO [NODE-SDK1.0.0] <MerchantProperties>: initialize called
[2026-09-17T08:58:35.548Z] [PAYTM] INFO [NODE-SDK1.0.0] <MerchantProperties>: Setting Environment for STAGE
[2026-09-18T11:33:51.395Z] [PAYTM] INFO [NODE-SDK1.0.0] <MerchantProperties>: initialize called
[2026-09-18T11:33:51.401Z] [PAYTM] INFO [NODE-SDK1.0.0] <MerchantProperties>: Setting Environment for STAGE
[2026-09-18T18:18:17.740Z] [PAYTM] INFO [NODE-SDK1.0.0] <MerchantProperties>: initialize called
[2026-09-18T18:18:17.749Z] [PAYTM] INFO [NODE-SDK1.0.0] <MerchantProperties>: Setting Environment for STAGE
[2026-09-20T18:09:56.848Z] [PAYTM] INFO [NODE-SDK1.0.0] <MerchantProperties>: initialize called
[2026-09-20T18:09:56.849Z] [PAYTM] INFO [NODE-SDK1.0.0] <MerchantProperties>: Setting Environment for STAGE
[2026-09-20T18:39:38.760Z] [PAYTM] INFO [NODE-SDK1.0.0] <MerchantProperties>: initialize called
[2026-09-20T18:39:38.761Z] [PAYTM] INFO [NODE-SDK1.0.0] <MerchantProperties>: Setting Environment for STAGE
[2026-09-21T05:14:36.322Z] [PAYTM] INFO [NODE-SDK1.0.0] <MerchantProperties>: initialize called
[2026-09-21T05:14:36.323Z] [PAYTM] INFO [NODE-SDK1.0.0] <MerchantProperties>: Setting Environment for STAGE
[2026-09-21T05:18:41.815Z] [PAYTM] INFO [NODE-SDK1.0.0] <MerchantProperties>: initialize called
[2026-09-21T05:18:41.816Z] [PAYTM] INFO [NODE-SDK1.0.0] <MerchantProperties>: Setting Environment for STAGE
[2026-09-21T17:18:34.108Z] [PAYTM] INFO [NODE-SDK1.0.0] <MerchantProperties>: initialize called
[2026-09-21T17:18:34.109Z] [PAYTM] INFO [NODE-SDK1.0.0] <MerchantProperties>: Setting Environment for STAGE
[2026-09-21T18:52:43.248Z] [PAYTM] INFO [NODE-SDK1.0.0] <MerchantProperties>: initialize called
[2026-09-21T18:52:43.261Z] [PAYTM] INFO [NODE-SDK1.0.0] <MerchantProperties>: Setting Environment for STAGE
[2026-09-24T09:42:54.319Z] [PAYTM] INFO [NODE-SDK1.0.0] <MerchantProperties>: initialize called
[2026-09-24T09:42:54.333Z] [PAYTM] INFO [NODE-SDK1.0.0] <MerchantProperties>: Setting Environment for STAGE
[2026-09-24T09:43:48.116Z] [PAYTM] INFO [NODE-SDK1.0.0] <MerchantProperties>: initialize called
[2026-09-24T09:43:48.118Z] [PAYTM] INFO [NODE-SDK1.0.0] <MerchantProperties>: Setting Environment for STAGE
[2026-09-24T09:46:32.638Z] [PAYTM] INFO [NODE-SDK1.0.0] <MerchantProperties>: initialize called
[2026-09-24T09:46:32.639Z] [PAYTM] INFO [NODE-SDK1.0.0] <MerchantProperties>: Setting Environment for STAGE
[2026-09-24T09:51:43.876Z] [PAYTM] INFO [NODE-SDK1.0.0] <MerchantProperties>: initialize called
[2026-09-24T09:51:43.878Z] [PAYTM] INFO [NODE-SDK1.0.0] <MerchantProperties>: Setting Environment for STAGE
[2026-09-24T10:57:16.237Z] [PAYTM] INFO [NODE-SDK1.0.0] <MerchantProperties>: initialize called
[2026-09-24T10:57:16.238Z] [PAYTM] INFO [NODE-SDK1.0.0] <MerchantProperties>: Setting Environment for STAGE
[2026-09-24T10:59:46.724Z] [PAYTM] INFO [NODE-SDK1.0.0] <MerchantProperties>: initialize called
[2026-09-24T10:59:46.726Z] [PAYTM] INFO [NODE-SDK1.0.0] <MerchantProperties>: Setting Environment for STAGE
[2026-09-24T11:09:12.853Z] [PAYTM] INFO [NODE-SDK1.0.0] <MerchantProperties>: initialize called
[2026-09-24T11:09:12.856Z] [PAYTM] INFO [NODE-SDK1.0.0] <MerchantProperties>: Setting Environment for STAGE
[2026-09-24T11:18:34.229Z] [PAYTM] INFO [NODE-SDK1.0.0] <MerchantProperties>: initialize called
[2026-09-24T11:18:34.230Z] [PAYTM] INFO [NODE-SDK1.0.0] <MerchantProperties>: Setting Environment for STAGE
[2026-09-24T11:21:39.559Z] [PAYTM] INFO [NODE-SDK1.0.0] <MerchantProperties>: initialize called
[2026-09-24T11:21:39.560Z] [PAYTM] INFO [NODE-SDK1.0.0] <MerchantProperties>: Setting Environment for STAGE
[2026-09-24T11:24:29.634Z] [PAYTM] INFO [NODE-SDK1.0.0] <MerchantProperties>: initialize called
[2026-09-24T11:24:29.635Z] [PAYTM] INFO [NODE-SDK1.0.0] <MerchantProperties>: Setting Environment for STAGE
[2026-09-24T11:32:43.967Z] [PAYTM] INFO [NODE-SDK1.0.0] <MerchantProperties>: initialize called
[2026-09-24T11:32:43.969Z] [PAYTM] INFO [NODE-SDK1.0.0] <MerchantProperties>: Setting Environment for STAGE
[2026-09-25T08:48:05.000Z] [PAYTM] INFO [NODE-SDK1.0.0] <MerchantProperties>: initialize called
[2026-09-25T08:48:05.001Z] [PAYTM] INFO [NODE-SDK1.0.0] <MerchantProperties>: Setting Environment for STAGE
[2026-09-25T09:46:47.123Z] [PAYTM] INFO [NODE-SDK1.0.0] <MerchantProperties>: initialize called
[2026-09-25T09:46:47.128Z] [PAYTM] INFO [NODE-SDK1.0.0] <MerchantProperties>: Setting Environment for STAGE
[2026-09-25T09:52:28.898Z] [PAYTM] INFO [NODE-SDK1.0.0] <MerchantProperties>: initialize called
[2026-09-25T09:52:28.899Z] [PAYTM] INFO [NODE-SDK1.0.0] <MerchantProperties>: Setting Environment for STAGE
[2026-09-25T10:09:18.980Z] [PAYTM] INFO [NODE-SDK1.0.0] <MerchantProperties>: initialize called
[2026-09-25T10:09:18.981Z] [PAYTM] INFO [NODE-SDK1.0.0] <MerchantProperties>: Setting Environment for STAGE
[2026-09-25T10:15:30.833Z] [PAYTM] INFO [NODE-SDK1.0.0] <MerchantProperties>: initialize called
[2026-09-25T10:15:30.835Z] [PAYTM] INFO [NODE-SDK1.0.0] <MerchantProperties>: Setting Environment for STAGE
[2026-09-25T10:18:53.401Z] [PAYTM] INFO [NODE-SDK1.0.0] <MerchantProperties>: initialize called
[2026-09-25T10:18:53.402Z] [PAYTM] INFO [NODE-SDK1.0.0] <MerchantProperties>: Setting Environment for STAGE
